{
"meta":{"test_sets":[],"test_metrics":[],"learn_metrics":[{"best_value":"Min","name":"RMSE"}],"launch_mode":"Train","parameters":"","iteration_count":1000,"learn_sets":["learn"],"name":"experiment"},
"iterations":[
{"learn":[0.4314199721],"iteration":0,"passed_time":0.005962515485,"remaining_time":5.956552969},
{"learn":[0.4240248368],"iteration":1,"passed_time":0.01182194982,"remaining_time":5.899152962},
{"learn":[0.4179622493],"iteration":2,"passed_time":0.01802678748,"remaining_time":5.990902371},
{"learn":[0.412300157],"iteration":3,"passed_time":0.0240769598,"remaining_time":5.99516299},
{"learn":[0.4072120339],"iteration":4,"passed_time":0.03047573774,"remaining_time":6.064671811},
{"learn":[0.4023404375],"iteration":5,"passed_time":0.0367213504,"remaining_time":6.083503716},
{"learn":[0.39791094],"iteration":6,"passed_time":0.04306732523,"remaining_time":6.109407708},
{"learn":[0.3943820831],"iteration":7,"passed_time":0.04903133743,"remaining_time":6.079885841},
{"learn":[0.3910910038],"iteration":8,"passed_time":0.05542831366,"remaining_time":6.103273204},
{"learn":[0.3881134229],"iteration":9,"passed_time":0.06228292848,"remaining_time":6.16600992},
{"learn":[0.3853507824],"iteration":10,"passed_time":0.06842824174,"remaining_time":6.152321007},
{"learn":[0.3829303606],"iteration":11,"passed_time":0.07504777959,"remaining_time":6.178933853},
{"learn":[0.3807600469],"iteration":12,"passed_time":0.08195722981,"remaining_time":6.222445063},
{"learn":[0.3788877883],"iteration":13,"passed_time":0.0887531447,"remaining_time":6.250757191},
{"learn":[0.3770534672],"iteration":14,"passed_time":0.09567634029,"remaining_time":6.282746346},
{"learn":[0.3751222161],"iteration":15,"passed_time":0.101976105,"remaining_time":6.271530456},
{"learn":[0.3735097353],"iteration":16,"passed_time":0.1083275616,"remaining_time":6.263881946},
{"learn":[0.3719966359],"iteration":17,"passed_time":0.1143203085,"remaining_time":6.236807941},
{"learn":[0.3703692537],"iteration":18,"passed_time":0.120399116,"remaining_time":6.216396465},
{"learn":[0.3690541741],"iteration":19,"passed_time":0.1278161284,"remaining_time":6.262990294},
{"learn":[0.3680995374],"iteration":20,"passed_time":0.1340183838,"remaining_time":6.247809416},
{"learn":[0.3669832767],"iteration":21,"passed_time":0.1408154176,"remaining_time":6.259885383},
{"learn":[0.3658219557],"iteration":22,"passed_time":0.1481728451,"remaining_time":6.294124766},
{"learn":[0.3647458357],"iteration":23,"passed_time":0.1565394367,"remaining_time":6.365937092},
{"learn":[0.3637774447],"iteration":24,"passed_time":0.1635113908,"remaining_time":6.376944243},
{"learn":[0.3627907976],"iteration":25,"passed_time":0.1701162122,"remaining_time":6.372815026},
{"learn":[0.361837182],"iteration":26,"passed_time":0.1765218181,"remaining_time":6.361323296},
{"learn":[0.361023114],"iteration":27,"passed_time":0.1826362072,"remaining_time":6.340085477},
{"learn":[0.3603838717],"iteration":28,"passed_time":0.1888686595,"remaining_time":6.323843736},
{"learn":[0.3597686653],"iteration":29,"passed_time":0.1955380459,"remaining_time":6.322396818},
{"learn":[0.3592546742],"iteration":30,"passed_time":0.2019739471,"remaining_time":6.313314669},
{"learn":[0.3586172689],"iteration":31,"passed_time":0.2089817289,"remaining_time":6.321697298},
{"learn":[0.3578951298],"iteration":32,"passed_time":0.2158860317,"remaining_time":6.32611493},
{"learn":[0.3575260122],"iteration":33,"passed_time":0.2230154279,"remaining_time":6.336261864},
{"learn":[0.3571026507],"iteration":34,"passed_time":0.2300168312,"remaining_time":6.341892632},
{"learn":[0.356729879],"iteration":35,"passed_time":0.2373964548,"remaining_time":6.356949512},
{"learn":[0.3561831911],"iteration":36,"passed_time":0.2450276975,"remaining_time":6.377342505},
{"learn":[0.3556725055],"iteration":37,"passed_time":0.2524846454,"remaining_time":6.391848129},
{"learn":[0.355167401],"iteration":38,"passed_time":0.2595255098,"remaining_time":6.394974741},
{"learn":[0.3547795137],"iteration":39,"passed_time":0.2663740017,"remaining_time":6.39297604},
{"learn":[0.3544242022],"iteration":40,"passed_time":0.2731969262,"remaining_time":6.390142737},
{"learn":[0.3541809961],"iteration":41,"passed_time":0.2794382271,"remaining_time":6.373852893},
{"learn":[0.3536437172],"iteration":42,"passed_time":0.2860549404,"remaining_time":6.366385534},
{"learn":[0.3532706055],"iteration":43,"passed_time":0.2927213701,"remaining_time":6.360037041},
{"learn":[0.3529260781],"iteration":44,"passed_time":0.3009975276,"remaining_time":6.387836419},
{"learn":[0.3526605041],"iteration":45,"passed_time":0.3084509849,"remaining_time":6.397005208},
{"learn":[0.3522516015],"iteration":46,"passed_time":0.3162624392,"remaining_time":6.412725628},
{"learn":[0.3520279094],"iteration":47,"passed_time":0.3224256162,"remaining_time":6.394774722},
{"learn":[0.3518350578],"iteration":48,"passed_time":0.3284951796,"remaining_time":6.375488078},
{"learn":[0.3513669484],"iteration":49,"passed_time":0.3348406478,"remaining_time":6.361972308},
{"learn":[0.3512079117],"iteration":50,"passed_time":0.3408197548,"remaining_time":6.341920536},
{"learn":[0.3508995727],"iteration":51,"passed_time":0.348218689,"remaining_time":6.34829456},
{"learn":[0.3506933858],"iteration":52,"passed_time":0.3551728404,"remaining_time":6.346201507},
{"learn":[0.3504153759],"iteration":53,"passed_time":0.3620552115,"remaining_time":6.342670928},
{"learn":[0.3500923838],"iteration":54,"passed_time":0.3691668434,"remaining_time":6.342957582},
{"learn":[0.3499150123],"iteration":55,"passed_time":0.3765142455,"remaining_time":6.346954425},
{"learn":[0.3495722025],"iteration":56,"passed_time":0.3840289301,"remaining_time":6.35332072},
{"learn":[0.3494546841],"iteration":57,"passed_time":0.3910188525,"remaining_time":6.3506855},
{"learn":[0.3490084851],"iteration":58,"passed_time":0.3986044767,"remaining_time":6.357403603},
{"learn":[0.3489306834],"iteration":59,"passed_time":0.4047730895,"remaining_time":6.341445068},
{"learn":[0.3484427405],"iteration":60,"passed_time":0.4113557208,"remaining_time":6.332180685},
{"learn":[0.3481096553],"iteration":61,"passed_time":0.4188562493,"remaining_time":6.336889708},
{"learn":[0.3479022494],"iteration":62,"passed_time":0.4274874671,"remaining_time":6.358027883},
{"learn":[0.3477290518],"iteration":63,"passed_time":0.434128725,"remaining_time":6.349132603},
{"learn":[0.3474038631],"iteration":64,"passed_time":0.4407349119,"remaining_time":6.339802194},
{"learn":[0.3470894381],"iteration":65,"passed_time":0.4479509355,"remaining_time":6.339184451},
{"learn":[0.3468738257],"iteration":66,"passed_time":0.4558782701,"remaining_time":6.348275016},
{"learn":[0.3466266102],"iteration":67,"passed_time":0.4626172457,"remaining_time":6.340577544},
{"learn":[0.3462325864],"iteration":68,"passed_time":0.4688877163,"remaining_time":6.326586432},
{"learn":[0.345921542],"iteration":69,"passed_time":0.475617016,"remaining_time":6.318911784},
{"learn":[0.3456694097],"iteration":70,"passed_time":0.4831361967,"remaining_time":6.321598969},
{"learn":[0.3455157232],"iteration":71,"passed_time":0.4902434612,"remaining_time":6.318693501},
{"learn":[0.3453051597],"iteration":72,"passed_time":0.4971166155,"remaining_time":6.312700035},
{"learn":[0.3451167584],"iteration":73,"passed_time":0.5037296293,"remaining_time":6.303427523},
{"learn":[0.3447960615],"iteration":74,"passed_time":0.5105026441,"remaining_time":6.296199277},
{"learn":[0.3444498758],"iteration":75,"passed_time":0.5169107956,"remaining_time":6.284547042},
{"learn":[0.344259627],"iteration":76,"passed_time":0.5231763188,"remaining_time":6.271321328},
{"learn":[0.3441666505],"iteration":77,"passed_time":0.5300711109,"remaining_time":6.265712362},
{"learn":[0.3440476336],"iteration":78,"passed_time":0.5366995823,"remaining_time":6.256966016},
{"learn":[0.3438361874],"iteration":79,"passed_time":0.5434260725,"remaining_time":6.249399834},
{"learn":[0.3437615642],"iteration":80,"passed_time":0.5499237282,"remaining_time":6.239258101},
{"learn":[0.3436354033],"iteration":81,"passed_time":0.5566556435,"remaining_time":6.231827814},
{"learn":[0.3432484553],"iteration":82,"passed_time":0.563537658,"remaining_time":6.226072679},
{"learn":[0.343115732],"iteration":83,"passed_time":0.5700918813,"remaining_time":6.216716229},
{"learn":[0.3430449909],"iteration":84,"passed_time":0.5763960117,"remaining_time":6.204733537},
{"learn":[0.3429363082],"iteration":85,"passed_time":0.5830684843,"remaining_time":6.196797612},
{"learn":[0.3427632391],"iteration":86,"passed_time":0.5896294539,"remaining_time":6.187720591},
{"learn":[0.3426792052],"iteration":87,"passed_time":0.5960739175,"remaining_time":6.177493327},
{"learn":[0.3426033407],"iteration":88,"passed_time":0.6025823707,"remaining_time":6.168006064},
{"learn":[0.3423913212],"iteration":89,"passed_time":0.6100100623,"remaining_time":6.167879518},
{"learn":[0.3421965029],"iteration":90,"passed_time":0.6171599763,"remaining_time":6.164817785},
{"learn":[0.3420236556],"iteration":91,"passed_time":0.6247616226,"remaining_time":6.166125579},
{"learn":[0.3418668251],"iteration":92,"passed_time":0.633519751,"remaining_time":6.178520582},
{"learn":[0.3417638249],"iteration":93,"passed_time":0.6414631422,"remaining_time":6.182612839},
{"learn":[0.3415737954],"iteration":94,"passed_time":0.6487035876,"remaining_time":6.179755229},
{"learn":[0.3413805078],"iteration":95,"passed_time":0.6564586686,"remaining_time":6.181652463},
{"learn":[0.3411715701],"iteration":96,"passed_time":0.6636144361,"remaining_time":6.177771503},
{"learn":[0.3408421655],"iteration":97,"passed_time":0.670444177,"remaining_time":6.170822935},
{"learn":[0.3406319257],"iteration":98,"passed_time":0.6768214738,"remaining_time":6.159759069},
{"learn":[0.3402403066],"iteration":99,"passed_time":0.6835142981,"remaining_time":6.151628683},
{"learn":[0.3400775028],"iteration":100,"passed_time":0.6900295414,"remaining_time":6.141946116},
{"learn":[0.3399596981],"iteration":101,"passed_time":0.696045075,"remaining_time":6.127926249},
{"learn":[0.3397639361],"iteration":102,"passed_time":0.7023429608,"remaining_time":6.116520736},
{"learn":[0.3395838154],"iteration":103,"passed_time":0.708446384,"remaining_time":6.103538077},
{"learn":[0.3392813083],"iteration":104,"passed_time":0.7147659825,"remaining_time":6.092529089},
{"learn":[0.3390330161],"iteration":105,"passed_time":0.7208936414,"remaining_time":6.079989768},
{"learn":[0.3388896106],"iteration":106,"passed_time":0.7270709816,"remaining_time":6.067984922},
{"learn":[0.3386281558],"iteration":107,"passed_time":0.7333015172,"remaining_time":6.056527346},
{"learn":[0.3385546173],"iteration":108,"passed_time":0.7391857067,"remaining_time":6.042334538},
{"learn":[0.3385031703],"iteration":109,"passed_time":0.7458035956,"remaining_time":6.034229092},
{"learn":[0.3384658668],"iteration":110,"passed_time":0.7530568802,"remaining_time":6.031239338},
{"learn":[0.3383004092],"iteration":111,"passed_time":0.7600385857,"remaining_time":6.026020215},
{"learn":[0.3382557951],"iteration":112,"passed_time":0.7667113234,"remaining_time":6.018344636},
{"learn":[0.3380280292],"iteration":113,"passed_time":0.773957865,"remaining_time":6.015146214},
{"learn":[0.3378799901],"iteration":114,"passed_time":0.7808921342,"remaining_time":6.00947425},
{"learn":[0.3377941757],"iteration":115,"passed_time":0.7878015511,"remaining_time":6.003591131},
{"learn":[0.3377341174],"iteration":116,"passed_time":0.7942483909,"remaining_time":5.994199395},
{"learn":[0.337599708],"iteration":117,"passed_time":0.8011047025,"remaining_time":5.9879182},
{"learn":[0.3374383643],"iteration":118,"passed_time":0.807719018,"remaining_time":5.979835755},
{"learn":[0.337180237],"iteration":119,"passed_time":0.8141827488,"remaining_time":5.970673491},
{"learn":[0.3370018812],"iteration":120,"passed_time":0.8206670241,"remaining_time":5.961705076},
{"learn":[0.3367526822],"iteration":121,"passed_time":0.8268365085,"remaining_time":5.950511922},
{"learn":[0.3366489901],"iteration":122,"passed_time":0.8332613688,"remaining_time":5.941221305},
{"learn":[0.3365043063],"iteration":123,"passed_time":0.8393510789,"remaining_time":5.929609235},
{"learn":[0.3362676629],"iteration":124,"passed_time":0.8460711962,"remaining_time":5.922498373},
{"learn":[0.3360971971],"iteration":125,"passed_time":0.8531890865,"remaining_time":5.91815287},
{"learn":[0.3359541707],"iteration":126,"passed_time":0.8601212535,"remaining_time":5.912487042},
{"learn":[0.3357269441],"iteration":127,"passed_time":0.8670369666,"remaining_time":5.906689335},
{"learn":[0.3356945248],"iteration":128,"passed_time":0.8733439371,"remaining_time":5.896764102},
{"learn":[0.3355131318],"iteration":129,"passed_time":0.8800240966,"remaining_time":5.889392031},
{"learn":[0.3353623656],"iteration":130,"passed_time":0.8865810505,"remaining_time":5.881213228},
{"learn":[0.3353148773],"iteration":131,"passed_time":0.8931588489,"remaining_time":5.873196067},
{"learn":[0.3352355166],"iteration":132,"passed_time":0.9002707852,"remaining_time":5.868682487},
{"learn":[0.3351340841],"iteration":133,"passed_time":0.907701253,"remaining_time":5.866188695},
{"learn":[0.3350269002],"iteration":134,"passed_time":0.9152616965,"remaining_time":5.864454574},
{"learn":[0.3348195127],"iteration":135,"passed_time":0.9227707597,"remaining_time":5.862308356},
{"learn":[0.3346911869],"iteration":136,"passed_time":0.9306128549,"remaining_time":5.862181706},
{"learn":[0.3344329122],"iteration":137,"passed_time":0.9380327157,"remaining_time":5.859305804},
{"learn":[0.3342749035],"iteration":138,"passed_time":0.9457825688,"remaining_time":5.858408574},
{"learn":[0.3342376875],"iteration":139,"passed_time":0.9524241523,"remaining_time":5.850605507},
{"learn":[0.3341452016],"iteration":140,"passed_time":0.9601971877,"remaining_time":5.849711945},
{"learn":[0.3339501271],"iteration":141,"passed_time":0.9682590949,"remaining_time":5.850466926},
{"learn":[0.333810027],"iteration":142,"passed_time":0.975710251,"remaining_time":5.847438358},
{"learn":[0.3336527181],"iteration":143,"passed_time":0.9829493558,"remaining_time":5.843087837},
{"learn":[0.3336222621],"iteration":144,"passed_time":0.9899376104,"remaining_time":5.837218323},
{"learn":[0.3333999104],"iteration":145,"passed_time":0.9971933451,"remaining_time":5.832898059},
{"learn":[0.3332267922],"iteration":146,"passed_time":1.004177028,"remaining_time":5.826959216},
{"learn":[0.333164082],"iteration":147,"passed_time":1.010672603,"remaining_time":5.818196339},
{"learn":[0.3330821543],"iteration":148,"passed_time":1.01766287,"remaining_time":5.812289279},
{"learn":[0.3328641148],"iteration":149,"passed_time":1.024672945,"remaining_time":5.806480024},
{"learn":[0.3327230835],"iteration":150,"passed_time":1.031583362,"remaining_time":5.800094531},
{"learn":[0.3326178299],"iteration":151,"passed_time":1.038385659,"remaining_time":5.79309894},
{"learn":[0.3324668548],"iteration":152,"passed_time":1.045338579,"remaining_time":5.786939717},
{"learn":[0.332346338],"iteration":153,"passed_time":1.052217387,"remaining_time":5.780363046},
{"learn":[0.3320421935],"iteration":154,"passed_time":1.059333784,"remaining_time":5.775077723},
{"learn":[0.3319107663],"iteration":155,"passed_time":1.066090732,"remaining_time":5.767824219},
{"learn":[0.3317791197],"iteration":156,"passed_time":1.073123386,"remaining_time":5.762057416},
{"learn":[0.3316095891],"iteration":157,"passed_time":1.079585261,"remaining_time":5.753232847},
{"learn":[0.3314577975],"iteration":158,"passed_time":1.08662327,"remaining_time":5.747485349},
{"learn":[0.3313383082],"iteration":159,"passed_time":1.092898579,"remaining_time":5.737717539},
{"learn":[0.33124433],"iteration":160,"passed_time":1.098946939,"remaining_time":5.726810446},
{"learn":[0.331113001],"iteration":161,"passed_time":1.105472325,"remaining_time":5.718430915},
{"learn":[0.3309691969],"iteration":162,"passed_time":1.111896723,"remaining_time":5.709555568},
{"learn":[0.330820685],"iteration":163,"passed_time":1.118186738,"remaining_time":5.700025081},
{"learn":[0.3307285619],"iteration":164,"passed_time":1.124535652,"remaining_time":5.690831937},
{"learn":[0.3305873033],"iteration":165,"passed_time":1.130798817,"remaining_time":5.681242249},
{"learn":[0.3305592297],"iteration":166,"passed_time":1.136650068,"remaining_time":5.669637763},
{"learn":[0.3304356786],"iteration":167,"passed_time":1.143173045,"remaining_time":5.661428415},
{"learn":[0.3303214924],"iteration":168,"passed_time":1.149586804,"remaining_time":5.652701975},
{"learn":[0.330202449],"iteration":169,"passed_time":1.156256997,"remaining_time":5.645254749},
{"learn":[0.3300740624],"iteration":170,"passed_time":1.163052051,"remaining_time":5.638421929},
{"learn":[0.3299586848],"iteration":171,"passed_time":1.170173318,"remaining_time":5.633159927},
{"learn":[0.3297283297],"iteration":172,"passed_time":1.177312492,"remaining_time":5.627962028},
{"learn":[0.3296088085],"iteration":173,"passed_time":1.184857656,"remaining_time":5.624669103},
{"learn":[0.3294859593],"iteration":174,"passed_time":1.192433755,"remaining_time":5.621473417},
{"learn":[0.3293538337],"iteration":175,"passed_time":1.199919903,"remaining_time":5.61780682},
{"learn":[0.3291588369],"iteration":176,"passed_time":1.207394438,"remaining_time":5.614043066},
{"learn":[0.3290474317],"iteration":177,"passed_time":1.214585718,"remaining_time":5.608929554},
{"learn":[0.3287937962],"iteration":178,"passed_time":1.221625693,"remaining_time":5.603098848},
{"learn":[0.32870026],"iteration":179,"passed_time":1.22871735,"remaining_time":5.597490151},
{"learn":[0.3286644162],"iteration":180,"passed_time":1.235166867,"remaining_time":5.588959469},
{"learn":[0.3285326779],"iteration":181,"passed_time":1.242092463,"remaining_time":5.582591399},
{"learn":[0.3283582351],"iteration":182,"passed_time":1.249069679,"remaining_time":5.576447695},
{"learn":[0.3282250611],"iteration":183,"passed_time":1.257775129,"remaining_time":5.577959266},
{"learn":[0.3281867276],"iteration":184,"passed_time":1.265489965,"remaining_time":5.574996334},
{"learn":[0.3280722381],"iteration":185,"passed_time":1.273751023,"remaining_time":5.574372756},
{"learn":[0.3280332866],"iteration":186,"passed_time":1.280560442,"remaining_time":5.567356358},
{"learn":[0.3279917907],"iteration":187,"passed_time":1.287348609,"remaining_time":5.560250375},
{"learn":[0.3279106392],"iteration":188,"passed_time":1.295573494,"remaining_time":5.559312718},
{"learn":[0.327882398],"iteration":189,"passed_time":1.304363661,"remaining_time":5.560708239},
{"learn":[0.3277595877],"iteration":190,"passed_time":1.311708082,"remaining_time":5.555873497},
{"learn":[0.3276589342],"iteration":191,"passed_time":1.31876634,"remaining_time":5.549808346},
{"learn":[0.3275549863],"iteration":192,"passed_time":1.326658867,"remaining_time":5.547221272},
{"learn":[0.327460952],"iteration":193,"passed_time":1.333978661,"remaining_time":5.542200006},
{"learn":[0.3273621284],"iteration":194,"passed_time":1.341078366,"remaining_time":5.536246587},
{"learn":[0.3272555823],"iteration":195,"passed_time":1.348446904,"remaining_time":5.531384239},
{"learn":[0.3272303585],"iteration":196,"passed_time":1.355559806,"remaining_time":5.52545444},
{"learn":[0.3270742683],"iteration":197,"passed_time":1.363280062,"remaining_time":5.521972777},
{"learn":[0.3269377025],"iteration":198,"passed_time":1.370553498,"remaining_time":5.516650009},
{"learn":[0.3268649713],"iteration":199,"passed_time":1.377528116,"remaining_time":5.510112464},
{"learn":[0.3267464404],"iteration":200,"passed_time":1.384429878,"remaining_time":5.503280956},
{"learn":[0.3266084728],"iteration":201,"passed_time":1.391189415,"remaining_time":5.495886899},
{"learn":[0.326527661],"iteration":202,"passed_time":1.397770525,"remaining_time":5.487798564},
{"learn":[0.3264224398],"iteration":203,"passed_time":1.405154223,"remaining_time":5.482856673},
{"learn":[0.3263058451],"iteration":204,"passed_time":1.411902842,"remaining_time":5.475428096},
{"learn":[0.3261164841],"iteration":205,"passed_time":1.418730634,"remaining_time":5.468311277},
{"learn":[0.3260878521],"iteration":206,"passed_time":1.425547227,"remaining_time":5.461154354},
{"learn":[0.3260219074],"iteration":207,"passed_time":1.432567819,"remaining_time":5.454777465},
{"learn":[0.3258904291],"iteration":208,"passed_time":1.440296386,"remaining_time":5.451073882},
{"learn":[0.3257905436],"iteration":209,"passed_time":1.447911308,"remaining_time":5.446904443},
{"learn":[0.3256758451],"iteration":210,"passed_time":1.456354993,"remaining_time":5.445801372},
{"learn":[0.3256019572],"iteration":211,"passed_time":1.4644707,"remaining_time":5.443409959},
{"learn":[0.3255231691],"iteration":212,"passed_time":1.472265499,"remaining_time":5.439779097},
{"learn":[0.3255056969],"iteration":213,"passed_time":1.479328469,"remaining_time":5.433421388},
{"learn":[0.3254136493],"iteration":214,"passed_time":1.487190883,"remaining_time":5.429976014},
{"learn":[0.3253712239],"iteration":215,"passed_time":1.494721534,"remaining_time":5.425285568},
{"learn":[0.3252469307],"iteration":216,"passed_time":1.502512404,"remaining_time":5.42150789},
{"learn":[0.3251312733],"iteration":217,"passed_time":1.509245554,"remaining_time":5.41389919},
{"learn":[0.3250519604],"iteration":218,"passed_time":1.516488024,"remaining_time":5.408114826},
{"learn":[0.3249549195],"iteration":219,"passed_time":1.523504306,"remaining_time":5.401515267},
{"learn":[0.3248380952],"iteration":220,"passed_time":1.531063476,"remaining_time":5.396825557},
{"learn":[0.3247339002],"iteration":221,"passed_time":1.539289387,"remaining_time":5.39444659},
{"learn":[0.3246628336],"iteration":222,"passed_time":1.548303839,"remaining_time":5.394762703},
{"learn":[0.3246063447],"iteration":223,"passed_time":1.557014789,"remaining_time":5.393944092},
{"learn":[0.3244976312],"iteration":224,"passed_time":1.56588111,"remaining_time":5.393590489},
{"learn":[0.3244658205],"iteration":225,"passed_time":1.576967383,"remaining_time":5.400764401},
{"learn":[0.3243416716],"iteration":226,"passed_time":1.585597787,"remaining_time":5.399414489},
{"learn":[0.3241185499],"iteration":227,"passed_time":1.59394238,"remaining_time":5.397032972},
{"learn":[0.3239957974],"iteration":228,"passed_time":1.602207599,"remaining_time":5.394332136},
{"learn":[0.3237860886],"iteration":229,"passed_time":1.610592926,"remaining_time":5.391985013},
{"learn":[0.3236763964],"iteration":230,"passed_time":1.61938822,"remaining_time":5.390950396},
{"learn":[0.3235707513],"iteration":231,"passed_time":1.628170344,"remaining_time":5.389805278},
{"learn":[0.323479782],"iteration":232,"passed_time":1.6359777,"remaining_time":5.385385818},
{"learn":[0.3232781058],"iteration":233,"passed_time":1.644718295,"remaining_time":5.383992367},
{"learn":[0.3231920596],"iteration":234,"passed_time":1.652515899,"remaining_time":5.379466649},
{"learn":[0.3231010785],"iteration":235,"passed_time":1.660283978,"remaining_time":5.374817624},
{"learn":[0.3230730741],"iteration":236,"passed_time":1.66752793,"remaining_time":5.368454896},
{"learn":[0.3229909933],"iteration":237,"passed_time":1.675015842,"remaining_time":5.362865848},
{"learn":[0.3229641727],"iteration":238,"passed_time":1.682033092,"remaining_time":5.355762272},
{"learn":[0.3228604513],"iteration":239,"passed_time":1.689273732,"remaining_time":5.349366818},
{"learn":[0.3227847795],"iteration":240,"passed_time":1.69669025,"remaining_time":5.343518256},
{"learn":[0.3226533648],"iteration":241,"passed_time":1.703916441,"remaining_time":5.337060588},
{"learn":[0.322474702],"iteration":242,"passed_time":1.711781725,"remaining_time":5.332587514},
{"learn":[0.3223565973],"iteration":243,"passed_time":1.719898719,"remaining_time":5.328866524},
{"learn":[0.3222894339],"iteration":244,"passed_time":1.728640013,"remaining_time":5.327033509},
{"learn":[0.3221690895],"iteration":245,"passed_time":1.736797393,"remaining_time":5.323354612},
{"learn":[0.3220837488],"iteration":246,"passed_time":1.745619051,"remaining_time":5.321664555},
{"learn":[0.321923813],"iteration":247,"passed_time":1.754054294,"remaining_time":5.318745277},
{"learn":[0.3218947885],"iteration":248,"passed_time":1.762222384,"remaining_time":5.314975944},
{"learn":[0.321766651],"iteration":249,"passed_time":1.770018249,"remaining_time":5.310054746},
{"learn":[0.3217057944],"iteration":250,"passed_time":1.777113664,"remaining_time":5.303020455},
{"learn":[0.3216374578],"iteration":251,"passed_time":1.784524495,"remaining_time":5.296921914},
{"learn":[0.3215887519],"iteration":252,"passed_time":1.792207984,"remaining_time":5.29161804},
{"learn":[0.3214751307],"iteration":253,"passed_time":1.800222888,"remaining_time":5.287268797},
{"learn":[0.321409296],"iteration":254,"passed_time":1.807615148,"remaining_time":5.281071707},
{"learn":[0.3213864601],"iteration":255,"passed_time":1.814218018,"remaining_time":5.272571115},
{"learn":[0.321225784],"iteration":256,"passed_time":1.821730169,"remaining_time":5.266714067},
{"learn":[0.3211257795],"iteration":257,"passed_time":1.829031683,"remaining_time":5.260238407},
{"learn":[0.3210690657],"iteration":258,"passed_time":1.835632683,"remaining_time":5.251752193},
{"learn":[0.3209845516],"iteration":259,"passed_time":1.843453653,"remaining_time":5.246752705},
{"learn":[0.3209092528],"iteration":260,"passed_time":1.851391823,"remaining_time":5.242063438},
{"learn":[0.3208122961],"iteration":261,"passed_time":1.859315855,"remaining_time":5.237309547},
{"learn":[0.3207520125],"iteration":262,"passed_time":1.867107907,"remaining_time":5.232161703},
{"learn":[0.3206841023],"iteration":263,"passed_time":1.875140031,"remaining_time":5.227663115},
{"learn":[0.320588062],"iteration":264,"passed_time":1.882517905,"remaining_time":5.221323245},
{"learn":[0.3205699455],"iteration":265,"passed_time":1.890194259,"remaining_time":5.215799196},
{"learn":[0.3204419741],"iteration":266,"passed_time":1.897934008,"remaining_time":5.210433062},
{"learn":[0.3203435217],"iteration":267,"passed_time":1.906006974,"remaining_time":5.205959347},
{"learn":[0.3202666074],"iteration":268,"passed_time":1.913031523,"remaining_time":5.198609828},
{"learn":[0.3202489373],"iteration":269,"passed_time":1.919930286,"remaining_time":5.190922624},
{"learn":[0.3201742555],"iteration":270,"passed_time":1.926877421,"remaining_time":5.183371364},
{"learn":[0.320071269],"iteration":271,"passed_time":1.933857463,"remaining_time":5.175912623},
{"learn":[0.3200135805],"iteration":272,"passed_time":1.940132287,"remaining_time":5.166579388},
{"learn":[0.3199377384],"iteration":273,"passed_time":1.946615428,"remaining_time":5.157820441},
{"learn":[0.3198767432],"iteration":274,"passed_time":1.953845007,"remaining_time":5.151045928},
{"learn":[0.3197973786],"iteration":275,"passed_time":1.960947808,"remaining_time":5.143935553},
{"learn":[0.3197404092],"iteration":276,"passed_time":1.96770825,"remaining_time":5.135931643},
{"learn":[0.3197077969],"iteration":277,"passed_time":1.974194384,"remaining_time":5.127224262},
{"learn":[0.3196534637],"iteration":278,"passed_time":1.981199425,"remaining_time":5.119873784},
{"learn":[0.3195810253],"iteration":279,"passed_time":1.988116285,"remaining_time":5.112299019},
{"learn":[0.3194947632],"iteration":280,"passed_time":1.996275084,"remaining_time":5.107906711},
{"learn":[0.319416172],"iteration":281,"passed_time":2.004794134,"remaining_time":5.104404922},
{"learn":[0.3193693293],"iteration":282,"passed_time":2.011542718,"remaining_time":5.09638208},
{"learn":[0.319328748],"iteration":283,"passed_time":2.018948404,"remaining_time":5.090024849},
{"learn":[0.319277834],"iteration":284,"passed_time":2.026558555,"remaining_time":5.084173218},
{"learn":[0.31924216],"iteration":285,"passed_time":2.034126963,"remaining_time":5.078205077},
{"learn":[0.3191296989],"iteration":286,"passed_time":2.041252477,"remaining_time":5.071125492},
{"learn":[0.3190875526],"iteration":287,"passed_time":2.048108425,"remaining_time":5.063379162},
{"learn":[0.3190766544],"iteration":288,"passed_time":2.054702218,"remaining_time":5.054994037},
{"learn":[0.3189611205],"iteration":289,"passed_time":2.061775528,"remaining_time":5.047795258},
{"learn":[0.3188646809],"iteration":290,"passed_time":2.069869922,"remaining_time":5.043085135},
{"learn":[0.3188258869],"iteration":291,"passed_time":2.076888621,"remaining_time":5.035743644},
{"learn":[0.3187680454],"iteration":292,"passed_time":2.08432312,"remaining_time":5.029407665},
{"learn":[0.318685151],"iteration":293,"passed_time":2.091287474,"remaining_time":5.021935228},
{"learn":[0.318633941],"iteration":294,"passed_time":2.098367128,"remaining_time":5.014741781},
{"learn":[0.3185892514],"iteration":295,"passed_time":2.105878386,"remaining_time":5.00857562},
{"learn":[0.3185255308],"iteration":296,"passed_time":2.113451131,"remaining_time":5.002545943},
{"learn":[0.3184950356],"iteration":297,"passed_time":2.120573557,"remaining_time":4.99544509},
{"learn":[0.318412111],"iteration":298,"passed_time":2.12793879,"remaining_time":4.988913349},
{"learn":[0.3183622348],"iteration":299,"passed_time":2.135566745,"remaining_time":4.982989073},
{"learn":[0.3183114709],"iteration":300,"passed_time":2.14276971,"remaining_time":4.976066535},
{"learn":[0.3182683181],"iteration":301,"passed_time":2.150104686,"remaining_time":4.969447255},
{"learn":[0.3181771275],"iteration":302,"passed_time":2.157417331,"remaining_time":4.962771881},
{"learn":[0.3181560233],"iteration":303,"passed_time":2.164608545,"remaining_time":4.955814301},
{"learn":[0.3181156842],"iteration":304,"passed_time":2.171700869,"remaining_time":4.948629848},
{"learn":[0.318070942],"iteration":305,"passed_time":2.178922591,"remaining_time":4.941739471},
{"learn":[0.3179444977],"iteration":306,"passed_time":2.186140619,"remaining_time":4.934838596},
{"learn":[0.317874025],"iteration":307,"passed_time":2.19351341,"remaining_time":4.928283376},
{"learn":[0.3177706931],"iteration":308,"passed_time":2.201114116,"remaining_time":4.922232537},
{"learn":[0.317710386],"iteration":309,"passed_time":2.20871369,"remaining_time":4.916169182},
{"learn":[0.3176742589],"iteration":310,"passed_time":2.219354985,"remaining_time":4.916834677},
{"learn":[0.3176304114],"iteration":311,"passed_time":2.22756335,"remaining_time":4.912062773},
{"learn":[0.3175603294],"iteration":312,"passed_time":2.23421262,"remaining_time":4.903846869},
{"learn":[0.3174638538],"iteration":313,"passed_time":2.240922981,"remaining_time":4.895774411},
{"learn":[0.3174028995],"iteration":314,"passed_time":2.248011806,"remaining_time":4.88853361},
{"learn":[0.3173328836],"iteration":315,"passed_time":2.255380412,"remaining_time":4.881899372},
{"learn":[0.317223274],"iteration":316,"passed_time":2.263185356,"remaining_time":4.876200626},
{"learn":[0.3171798658],"iteration":317,"passed_time":2.270771218,"remaining_time":4.870018776},
{"learn":[0.3170939925],"iteration":318,"passed_time":2.278289135,"remaining_time":4.863683075},
{"learn":[0.3170350521],"iteration":319,"passed_time":2.285960003,"remaining_time":4.857665007},
{"learn":[0.3170087005],"iteration":320,"passed_time":2.293406971,"remaining_time":4.851163032},
{"learn":[0.3169010619],"iteration":321,"passed_time":2.301206872,"remaining_time":4.845398321},
{"learn":[0.3168288483],"iteration":322,"passed_time":2.309114889,"remaining_time":4.839847616},
{"learn":[0.3167853854],"iteration":323,"passed_time":2.316179737,"remaining_time":4.832523155},
{"learn":[0.3167163403],"iteration":324,"passed_time":2.323222039,"remaining_time":4.825153466},
{"learn":[0.3166461614],"iteration":325,"passed_time":2.329899702,"remaining_time":4.817031899},
{"learn":[0.3165783417],"iteration":326,"passed_time":2.336396159,"remaining_time":4.808546222},
{"learn":[0.3165149922],"iteration":327,"passed_time":2.343589212,"remaining_time":4.801499849},
{"learn":[0.3164987089],"iteration":328,"passed_time":2.350094797,"remaining_time":4.793050482},
{"learn":[0.3163847236],"iteration":329,"passed_time":2.357592365,"remaining_time":4.786626923},
{"learn":[0.3163008948],"iteration":330,"passed_time":2.36439293,"remaining_time":4.778788127},
{"learn":[0.3162720153],"iteration":331,"passed_time":2.37153155,"remaining_time":4.771635769},
{"learn":[0.3162358978],"iteration":332,"passed_time":2.378877359,"remaining_time":4.764898494},
{"learn":[0.31619408],"iteration":333,"passed_time":2.385771589,"remaining_time":4.75725712},
{"learn":[0.3161476848],"iteration":334,"passed_time":2.393206806,"remaining_time":4.750694107},
{"learn":[0.3160682895],"iteration":335,"passed_time":2.400964659,"remaining_time":4.744763492},
{"learn":[0.3160063495],"iteration":336,"passed_time":2.408464275,"remaining_time":4.738313989},
{"learn":[0.3159641829],"iteration":337,"passed_time":2.415786437,"remaining_time":4.731510714},
{"learn":[0.3159373344],"iteration":338,"passed_time":2.423022309,"remaining_time":4.724536124},
{"learn":[0.3159161873],"iteration":339,"passed_time":2.429864338,"remaining_time":4.71679548},
{"learn":[0.3158883107],"iteration":340,"passed_time":2.436838233,"remaining_time":4.709314944},
{"learn":[0.3158444677],"iteration":341,"passed_time":2.443902566,"remaining_time":4.70201137},
{"learn":[0.3157803857],"iteration":342,"passed_time":2.45097652,"remaining_time":4.69472762},
{"learn":[0.3157044637],"iteration":343,"passed_time":2.458155537,"remaining_time":4.687645442},
{"learn":[0.3156006348],"iteration":344,"passed_time":2.464641415,"remaining_time":4.679246744},
{"learn":[0.3155315362],"iteration":345,"passed_time":2.471299871,"remaining_time":4.671185306},
{"learn":[0.3154948419],"iteration":346,"passed_time":2.478797732,"remaining_time":4.664711581},
{"learn":[0.3154614381],"iteration":347,"passed_time":2.48575486,"remaining_time":4.657218876},
{"learn":[0.3154088923],"iteration":348,"passed_time":2.492564588,"remaining_time":4.64945429},
{"learn":[0.3153626598],"iteration":349,"passed_time":2.499559081,"remaining_time":4.642038293},
{"learn":[0.3153308705],"iteration":350,"passed_time":2.506617962,"remaining_time":4.634743754},
{"learn":[0.3152664381],"iteration":351,"passed_time":2.513466781,"remaining_time":4.627063847},
{"learn":[0.315214145],"iteration":352,"passed_time":2.520864318,"remaining_time":4.620394373},
{"learn":[0.3151845664],"iteration":353,"passed_time":2.527426596,"remaining_time":4.612196557},
{"learn":[0.3151759054],"iteration":354,"passed_time":2.533516074,"remaining_time":4.603148924},
{"learn":[0.3151319408],"iteration":355,"passed_time":2.540220825,"remaining_time":4.595230931},
{"learn":[0.3150869848],"iteration":356,"passed_time":2.547376195,"remaining_time":4.588131354},
{"learn":[0.3150397441],"iteration":357,"passed_time":2.554170083,"remaining_time":4.580383222},
{"learn":[0.3150024136],"iteration":358,"passed_time":2.561009849,"remaining_time":4.572722321},
{"learn":[0.3149938872],"iteration":359,"passed_time":2.568257902,"remaining_time":4.565791826},
{"learn":[0.3149566917],"iteration":360,"passed_time":2.575152255,"remaining_time":4.558233493},
{"learn":[0.3149106385],"iteration":361,"passed_time":2.582328318,"remaining_time":4.551175323},
{"learn":[0.3148927566],"iteration":362,"passed_time":2.589237992,"remaining_time":4.543649038},
{"learn":[0.3148334085],"iteration":363,"passed_time":2.59622726,"remaining_time":4.536265213},
{"learn":[0.3148086153],"iteration":364,"passed_time":2.603185542,"remaining_time":4.528829641},
{"learn":[0.3147179556],"iteration":365,"passed_time":2.610010293,"remaining_time":4.521165371},
{"learn":[0.3146839899],"iteration":366,"passed_time":2.616645705,"remaining_time":4.513179104},
{"learn":[0.3146387107],"iteration":367,"passed_time":2.623551542,"remaining_time":4.505664604},
{"learn":[0.3145543661],"iteration":368,"passed_time":2.630284793,"remaining_time":4.497858278},
{"learn":[0.3144973641],"iteration":369,"passed_time":2.63692201,"remaining_time":4.489894234},
{"learn":[0.3144769015],"iteration":370,"passed_time":2.643219675,"remaining_time":4.481361658},
{"learn":[0.3143974042],"iteration":371,"passed_time":2.649927104,"remaining_time":4.473532853},
{"learn":[0.3143695531],"iteration":372,"passed_time":2.65617894,"remaining_time":4.464944224},
{"learn":[0.3143374062],"iteration":373,"passed_time":2.662686026,"remaining_time":4.456795327},
{"learn":[0.3143088719],"iteration":374,"passed_time":2.669454023,"remaining_time":4.449090039},
{"learn":[0.3142702039],"iteration":375,"passed_time":2.676216223,"remaining_time":4.441380115},
{"learn":[0.3141789982],"iteration":376,"passed_time":2.682759325,"remaining_time":4.433313154},
{"learn":[0.314128992],"iteration":377,"passed_time":2.689606113,"remaining_time":4.425753975},
{"learn":[0.3140669588],"iteration":378,"passed_time":2.696489375,"remaining_time":4.418258317},
{"learn":[0.3139847869],"iteration":379,"passed_time":2.704343465,"remaining_time":4.412349864},
{"learn":[0.3139541248],"iteration":380,"passed_time":2.711289184,"remaining_time":4.404955393},
{"learn":[0.313945919],"iteration":381,"passed_time":2.717888247,"remaining_time":4.397002451},
{"learn":[0.3138754981],"iteration":382,"passed_time":2.724405184,"remaining_time":4.388924279},
{"learn":[0.3138340158],"iteration":383,"passed_time":2.73175196,"remaining_time":4.382185437},
{"learn":[0.3138206303],"iteration":384,"passed_time":2.738527556,"remaining_time":4.374531031},
{"learn":[0.3137917227],"iteration":385,"passed_time":2.746022792,"remaining_time":4.368025892},
{"learn":[0.313749252],"iteration":386,"passed_time":2.753571336,"remaining_time":4.361600075},
{"learn":[0.3137000095],"iteration":387,"passed_time":2.76168108,"remaining_time":4.356053663},
{"learn":[0.3136926828],"iteration":388,"passed_time":2.768348101,"remaining_time":4.348227995},
{"learn":[0.3136699666],"iteration":389,"passed_time":2.775024281,"remaining_time":4.340422594},
{"learn":[0.3136187607],"iteration":390,"passed_time":2.782370895,"remaining_time":4.3336672},
{"learn":[0.3135717615],"iteration":391,"passed_time":2.788938302,"remaining_time":4.325700224},
{"learn":[0.3135257503],"iteration":392,"passed_time":2.795347574,"remaining_time":4.317496125},
{"learn":[0.3134740621],"iteration":393,"passed_time":2.802082321,"remaining_time":4.309801742},
{"learn":[0.313459158],"iteration":394,"passed_time":2.809054862,"remaining_time":4.302476434},
{"learn":[0.3134158426],"iteration":395,"passed_time":2.816126263,"remaining_time":4.295303695},
{"learn":[0.31340759],"iteration":396,"passed_time":2.822898261,"remaining_time":4.287676704},
{"learn":[0.3134013105],"iteration":397,"passed_time":2.829934561,"remaining_time":4.280453783},
{"learn":[0.3133623642],"iteration":398,"passed_time":2.837229058,"remaining_time":4.273620712},
{"learn":[0.3133143569],"iteration":399,"passed_time":2.844601897,"remaining_time":4.266902845},
{"learn":[0.3132696847],"iteration":400,"passed_time":2.851913828,"remaining_time":4.260090731},
{"learn":[0.3132464017],"iteration":401,"passed_time":2.858798474,"remaining_time":4.252640516},
{"learn":[0.3132167302],"iteration":402,"passed_time":2.865501933,"remaining_time":4.2449247},
{"learn":[0.3131520456],"iteration":403,"passed_time":2.872536354,"remaining_time":4.237702146},
{"learn":[0.31307642],"iteration":404,"passed_time":2.879398376,"remaining_time":4.230227244},
{"learn":[0.3130442907],"iteration":405,"passed_time":2.886108511,"remaining_time":4.222533142},
{"learn":[0.3129832047],"iteration":406,"passed_time":2.893355431,"remaining_time":4.215625972},
{"learn":[0.3129486352],"iteration":407,"passed_time":2.900407492,"remaining_time":4.2084344},
{"learn":[0.3128952286],"iteration":408,"passed_time":2.907142273,"remaining_time":4.200785044},
{"learn":[0.312860153],"iteration":409,"passed_time":2.914469949,"remaining_time":4.193993342},
{"learn":[0.3128091642],"iteration":410,"passed_time":2.921966478,"remaining_time":4.187441011},
{"learn":[0.3127453102],"iteration":411,"passed_time":2.929323801,"remaining_time":4.180685424},
{"learn":[0.3126895099],"iteration":412,"passed_time":2.936157245,"remaining_time":4.173182331},
{"learn":[0.3126701757],"iteration":413,"passed_time":2.94362492,"remaining_time":4.166580201},
{"learn":[0.312607355],"iteration":414,"passed_time":2.951315373,"remaining_time":4.160287936},
{"learn":[0.3125805198],"iteration":415,"passed_time":2.958864632,"remaining_time":4.153790734},
{"learn":[0.3125517619],"iteration":416,"passed_time":2.966461782,"remaining_time":4.147355441},
{"learn":[0.3125153531],"iteration":417,"passed_time":2.974727876,"remaining_time":4.141845991},
{"learn":[0.3124571146],"iteration":418,"passed_time":2.982569728,"remaining_time":4.135735112},
{"learn":[0.3124421077],"iteration":419,"passed_time":2.989989275,"remaining_time":4.129032808},
{"learn":[0.3124030806],"iteration":420,"passed_time":2.997605491,"remaining_time":4.122597576},
{"learn":[0.3123618597],"iteration":421,"passed_time":3.005717485,"remaining_time":4.116835797},
{"learn":[0.3123258613],"iteration":422,"passed_time":3.012442739,"remaining_time":4.109171302},
{"learn":[0.3122923052],"iteration":423,"passed_time":3.019307663,"remaining_time":4.101700976},
{"learn":[0.312249133],"iteration":424,"passed_time":3.02565211,"remaining_time":4.093529326},
{"learn":[0.3122079391],"iteration":425,"passed_time":3.032165594,"remaining_time":4.085594016},
{"learn":[0.3121829828],"iteration":426,"passed_time":3.039116871,"remaining_time":4.078252851},
{"learn":[0.3120901612],"iteration":427,"passed_time":3.045653449,"remaining_time":4.070359282},
{"learn":[0.3120465243],"iteration":428,"passed_time":3.052778516,"remaining_time":4.06325532},
{"learn":[0.3120278936],"iteration":429,"passed_time":3.059600624,"remaining_time":4.055749665},
{"learn":[0.3120011802],"iteration":430,"passed_time":3.066461645,"remaining_time":4.048298552},
{"learn":[0.3119521488],"iteration":431,"passed_time":3.073936788,"remaining_time":4.041657628},
{"learn":[0.3119188909],"iteration":432,"passed_time":3.080858153,"remaining_time":4.034287696},
{"learn":[0.3118738113],"iteration":433,"passed_time":3.08808819,"remaining_time":4.027322387},
{"learn":[0.31183692],"iteration":434,"passed_time":3.095504307,"remaining_time":4.020597548},
{"learn":[0.3117876271],"iteration":435,"passed_time":3.103625545,"remaining_time":4.014781668},
{"learn":[0.3117288388],"iteration":436,"passed_time":3.110709614,"remaining_time":4.007619022},
{"learn":[0.3117082556],"iteration":437,"passed_time":3.118630353,"remaining_time":4.00153027},
{"learn":[0.3116753197],"iteration":438,"passed_time":3.125974368,"remaining_time":3.994696174},
{"learn":[0.3116398415],"iteration":439,"passed_time":3.134306343,"remaining_time":3.989117164},
{"learn":[0.3116027448],"iteration":440,"passed_time":3.141452321,"remaining_time":3.98202233},
{"learn":[0.3115751606],"iteration":441,"passed_time":3.148908768,"remaining_time":3.975319214},
{"learn":[0.3115627896],"iteration":442,"passed_time":3.155667426,"remaining_time":3.967735342},
{"learn":[0.3115239652],"iteration":443,"passed_time":3.162325341,"remaining_time":3.960029031},
{"learn":[0.311489333],"iteration":444,"passed_time":3.169458644,"remaining_time":3.952920331},
{"learn":[0.3114582589],"iteration":445,"passed_time":3.176168054,"remaining_time":3.945284982},
{"learn":[0.3114355622],"iteration":446,"passed_time":3.182683732,"remaining_time":3.937414102},
{"learn":[0.3113886041],"iteration":447,"passed_time":3.189782282,"remaining_time":3.930267454},
{"learn":[0.3113095965],"iteration":448,"passed_time":3.196566967,"remaining_time":3.922735855},
{"learn":[0.3112552193],"iteration":449,"passed_time":3.203580225,"remaining_time":3.915486942},
{"learn":[0.3112369367],"iteration":450,"passed_time":3.210256289,"remaining_time":3.907828609},
{"learn":[0.3111914265],"iteration":451,"passed_time":3.216971463,"remaining_time":3.900222039},
{"learn":[0.3111751661],"iteration":452,"passed_time":3.223110836,"remaining_time":3.891924122},
{"learn":[0.3111417668],"iteration":453,"passed_time":3.229793987,"remaining_time":3.884289685},
{"learn":[0.3111227036],"iteration":454,"passed_time":3.236418571,"remaining_time":3.876589277},
{"learn":[0.3110726307],"iteration":455,"passed_time":3.242737607,"remaining_time":3.868529075},
{"learn":[0.3110138953],"iteration":456,"passed_time":3.249804244,"remaining_time":3.86136478},
{"learn":[0.310967886],"iteration":457,"passed_time":3.256347828,"remaining_time":3.853581927},
{"learn":[0.3109381514],"iteration":458,"passed_time":3.26280922,"remaining_time":3.8457076},
{"learn":[0.3108961564],"iteration":459,"passed_time":3.269463309,"remaining_time":3.838065624},
{"learn":[0.3108660934],"iteration":460,"passed_time":3.275684483,"remaining_time":3.829921771},
{"learn":[0.3108032783],"iteration":461,"passed_time":3.282543963,"remaining_time":3.82252955},
{"learn":[0.3107277284],"iteration":462,"passed_time":3.288943812,"remaining_time":3.814606538},
{"learn":[0.3106902466],"iteration":463,"passed_time":3.295267296,"remaining_time":3.806601876},
{"learn":[0.3106533526],"iteration":464,"passed_time":3.301669819,"remaining_time":3.798695383},
{"learn":[0.3106142265],"iteration":465,"passed_time":3.308020196,"remaining_time":3.790735589},
{"learn":[0.3106035658],"iteration":466,"passed_time":3.314704175,"remaining_time":3.783163437},
{"learn":[0.3105717423],"iteration":467,"passed_time":3.321462849,"remaining_time":3.775679991},
{"learn":[0.310527463],"iteration":468,"passed_time":3.328608134,"remaining_time":3.768637355},
{"learn":[0.3104822462],"iteration":469,"passed_time":3.335746832,"remaining_time":3.761586854},
{"learn":[0.3104532361],"iteration":470,"passed_time":3.342498522,"remaining_time":3.754101312},
{"learn":[0.3104324832],"iteration":471,"passed_time":3.349305208,"remaining_time":3.746680402},
{"learn":[0.3103880571],"iteration":472,"passed_time":3.356167411,"remaining_time":3.739323944},
{"learn":[0.310347694],"iteration":473,"passed_time":3.363367006,"remaining_time":3.732343977},
{"learn":[0.3102804785],"iteration":474,"passed_time":3.370472171,"remaining_time":3.725258715},
{"learn":[0.3102473308],"iteration":475,"passed_time":3.377631723,"remaining_time":3.718233241},
{"learn":[0.3101887006],"iteration":476,"passed_time":3.384558011,"remaining_time":3.710951446},
{"learn":[0.310173082],"iteration":477,"passed_time":3.391162547,"remaining_time":3.703319769},
{"learn":[0.3101445911],"iteration":478,"passed_time":3.398312265,"remaining_time":3.696285366},
{"learn":[0.3101117988],"iteration":479,"passed_time":3.405317111,"remaining_time":3.689093537},
{"learn":[0.3100492657],"iteration":480,"passed_time":3.412478722,"remaining_time":3.682071635},
{"learn":[0.310024669],"iteration":481,"passed_time":3.418856633,"remaining_time":3.674206921},
{"learn":[0.309988849],"iteration":482,"passed_time":3.425672439,"remaining_time":3.666817082},
{"learn":[0.3099794842],"iteration":483,"passed_time":3.432281529,"remaining_time":3.659209233},
{"learn":[0.3099490942],"iteration":484,"passed_time":3.439507018,"remaining_time":3.652260029},
{"learn":[0.3098728227],"iteration":485,"passed_time":3.446566488,"remaining_time":3.645134105},
{"learn":[0.3098455914],"iteration":486,"passed_time":3.453366976,"remaining_time":3.637735644},
{"learn":[0.3098195187],"iteration":487,"passed_time":3.460460696,"remaining_time":3.630647287},
{"learn":[0.3097977264],"iteration":488,"passed_time":3.467057702,"remaining_time":3.623039848},
{"learn":[0.3097614288],"iteration":489,"passed_time":3.474291539,"remaining_time":3.616099357},
{"learn":[0.3097081732],"iteration":490,"passed_time":3.480973191,"remaining_time":3.608585243},
{"learn":[0.309680481],"iteration":491,"passed_time":3.487653088,"remaining_time":3.601072701},
{"learn":[0.3096159403],"iteration":492,"passed_time":3.494998314,"remaining_time":3.594247759},
{"learn":[0.309582181],"iteration":493,"passed_time":3.50263596,"remaining_time":3.587720235},
{"learn":[0.3095696815],"iteration":494,"passed_time":3.509949943,"remaining_time":3.580858023},
{"learn":[0.3095216732],"iteration":495,"passed_time":3.517160445,"remaining_time":3.573888839},
{"learn":[0.3094405226],"iteration":496,"passed_time":3.524345231,"remaining_time":3.566892658},
{"learn":[0.3094119203],"iteration":497,"passed_time":3.531960517,"remaining_time":3.560329678},
{"learn":[0.3093929323],"iteration":498,"passed_time":3.539028996,"remaining_time":3.553213481},
{"learn":[0.3093510946],"iteration":499,"passed_time":3.546215129,"remaining_time":3.546215129},
{"learn":[0.3093282853],"iteration":500,"passed_time":3.553173235,"remaining_time":3.53898891},
{"learn":[0.3093001791],"iteration":501,"passed_time":3.559310496,"remaining_time":3.530949457},
{"learn":[0.3092136139],"iteration":502,"passed_time":3.565658059,"remaining_time":3.523125359},
{"learn":[0.3091550895],"iteration":503,"passed_time":3.571951251,"remaining_time":3.515253612},
{"learn":[0.3091460198],"iteration":504,"passed_time":3.57794941,"remaining_time":3.507098926},
{"learn":[0.3090891291],"iteration":505,"passed_time":3.584355636,"remaining_time":3.499351155},
{"learn":[0.3090309536],"iteration":506,"passed_time":3.590768735,"remaining_time":3.491615358},
{"learn":[0.3089865822],"iteration":507,"passed_time":3.596783708,"remaining_time":3.483499182},
{"learn":[0.3089214669],"iteration":508,"passed_time":3.603007661,"remaining_time":3.475592851},
{"learn":[0.308883349],"iteration":509,"passed_time":3.60934251,"remaining_time":3.467799667},
{"learn":[0.3088419329],"iteration":510,"passed_time":3.615603785,"remaining_time":3.459941783},
{"learn":[0.3087724235],"iteration":511,"passed_time":3.621772778,"remaining_time":3.452002179},
{"learn":[0.3087518443],"iteration":512,"passed_time":3.628773545,"remaining_time":3.444859096},
{"learn":[0.3087337099],"iteration":513,"passed_time":3.634986019,"remaining_time":3.436971217},
{"learn":[0.3086137939],"iteration":514,"passed_time":3.642055586,"remaining_time":3.429897008},
{"learn":[0.3085877753],"iteration":515,"passed_time":3.649369755,"remaining_time":3.423052251},
{"learn":[0.3085465888],"iteration":516,"passed_time":3.656677841,"remaining_time":3.416199994},
{"learn":[0.3084864234],"iteration":517,"passed_time":3.663865171,"remaining_time":3.409233614},
{"learn":[0.3084533231],"iteration":518,"passed_time":3.671166801,"remaining_time":3.402372315},
{"learn":[0.308390028],"iteration":519,"passed_time":3.678514777,"remaining_time":3.395552102},
{"learn":[0.3083497873],"iteration":520,"passed_time":3.685842139,"remaining_time":3.388710911},
{"learn":[0.3083137717],"iteration":521,"passed_time":3.693292631,"remaining_time":3.381980608},
{"learn":[0.3082046843],"iteration":522,"passed_time":3.70047857,"remaining_time":3.375006267},
{"learn":[0.3081809499],"iteration":523,"passed_time":3.707731469,"remaining_time":3.368091945},
{"learn":[0.3081556922],"iteration":524,"passed_time":3.714918224,"remaining_time":3.361116488},
{"learn":[0.3081307034],"iteration":525,"passed_time":3.72178584,"remaining_time":3.353852639},
{"learn":[0.3081211857],"iteration":526,"passed_time":3.728519108,"remaining_time":3.346469712},
{"learn":[0.3080931337],"iteration":527,"passed_time":3.735672931,"remaining_time":3.339465196},
{"learn":[0.3080526968],"iteration":528,"passed_time":3.742391768,"remaining_time":3.332072822},
{"learn":[0.3080193771],"iteration":529,"passed_time":3.74923216,"remaining_time":3.324790784},
{"learn":[0.3080111765],"iteration":530,"passed_time":3.755703098,"remaining_time":3.317184093},
{"learn":[0.307973181],"iteration":531,"passed_time":3.762363751,"remaining_time":3.309748563},
{"learn":[0.3079485663],"iteration":532,"passed_time":3.768870897,"remaining_time":3.302181442},
{"learn":[0.3079142221],"iteration":533,"passed_time":3.775374136,"remaining_time":3.294614883},
{"learn":[0.3078191375],"iteration":534,"passed_time":3.781873827,"remaining_time":3.287049214},
{"learn":[0.307772502],"iteration":535,"passed_time":3.78843323,"remaining_time":3.279539214},
{"learn":[0.3077324155],"iteration":536,"passed_time":3.795067125,"remaining_time":3.272096981},
{"learn":[0.3077221828],"iteration":537,"passed_time":3.801429857,"remaining_time":3.264424896},
{"learn":[0.3076952289],"iteration":538,"passed_time":3.80819416,"remaining_time":3.257101127},
{"learn":[0.3076594643],"iteration":539,"passed_time":3.814491812,"remaining_time":3.249381914},
{"learn":[0.3076082593],"iteration":540,"passed_time":3.820794339,"remaining_time":3.241672091},
{"learn":[0.3075461477],"iteration":541,"passed_time":3.826861803,"remaining_time":3.23376883},
{"learn":[0.307522285],"iteration":542,"passed_time":3.832985933,"remaining_time":3.225920021},
{"learn":[0.3075048293],"iteration":543,"passed_time":3.84001867,"remaining_time":3.21883918},
{"learn":[0.3074141238],"iteration":544,"passed_time":3.847292316,"remaining_time":3.21195964},
{"learn":[0.307391173],"iteration":545,"passed_time":3.854428839,"remaining_time":3.204964639},
{"learn":[0.3073655448],"iteration":546,"passed_time":3.861427955,"remaining_time":3.197855326},
{"learn":[0.3072647741],"iteration":547,"passed_time":3.868404546,"remaining_time":3.190727837},
{"learn":[0.3071970088],"iteration":548,"passed_time":3.875034301,"remaining_time":3.183315974},
{"learn":[0.3071360458],"iteration":549,"passed_time":3.881815605,"remaining_time":3.176030949},
{"learn":[0.3071081581],"iteration":550,"passed_time":3.889120401,"remaining_time":3.169174338},
{"learn":[0.3070994551],"iteration":551,"passed_time":3.89566075,"remaining_time":3.161695682},
{"learn":[0.3070819659],"iteration":552,"passed_time":3.902647227,"remaining_time":3.154581032},
{"learn":[0.3070434543],"iteration":553,"passed_time":3.909858961,"remaining_time":3.147648189},
{"learn":[0.3070106903],"iteration":554,"passed_time":3.917400135,"remaining_time":3.140978487},
{"learn":[0.3069756885],"iteration":555,"passed_time":3.924301116,"remaining_time":3.133794417},
{"learn":[0.306929511],"iteration":556,"passed_time":3.931066387,"remaining_time":3.126503428},
{"learn":[0.3068986489],"iteration":557,"passed_time":3.938264121,"remaining_time":3.119556884},
{"learn":[0.3068441996],"iteration":558,"passed_time":3.945115781,"remaining_time":3.112336421},
{"learn":[0.3068085971],"iteration":559,"passed_time":3.951689278,"remaining_time":3.104898719},
{"learn":[0.3067941169],"iteration":560,"passed_time":3.958686311,"remaining_time":3.097795527},
{"learn":[0.3067801118],"iteration":561,"passed_time":3.965516479,"remaining_time":3.090562665},
{"learn":[0.3067707328],"iteration":562,"passed_time":3.972482622,"remaining_time":3.083436777},
{"learn":[0.3067434564],"iteration":563,"passed_time":3.978754374,"remaining_time":3.075774658},
{"learn":[0.3066952046],"iteration":564,"passed_time":3.984870216,"remaining_time":3.067997423},
{"learn":[0.3066853561],"iteration":565,"passed_time":3.991309982,"remaining_time":3.060474439},
{"learn":[0.3066515273],"iteration":566,"passed_time":3.997402423,"remaining_time":3.052690034},
{"learn":[0.3066307437],"iteration":567,"passed_time":4.003624197,"remaining_time":3.045009953},
{"learn":[0.3065774133],"iteration":568,"passed_time":4.009886969,"remaining_time":3.037366052},
{"learn":[0.3065494439],"iteration":569,"passed_time":4.016336878,"remaining_time":3.029868171},
{"learn":[0.3065344051],"iteration":570,"passed_time":4.023053168,"remaining_time":3.022574096},
{"learn":[0.3065053055],"iteration":571,"passed_time":4.029547377,"remaining_time":3.015115869},
{"learn":[0.3064396805],"iteration":572,"passed_time":4.036008638,"remaining_time":3.007636455},
{"learn":[0.306422656],"iteration":573,"passed_time":4.042845589,"remaining_time":3.000439409},
{"learn":[0.3064062212],"iteration":574,"passed_time":4.049876901,"remaining_time":2.993387275},
{"learn":[0.3063615936],"iteration":575,"passed_time":4.057307273,"remaining_time":2.986628965},
{"learn":[0.3063437268],"iteration":576,"passed_time":4.064405051,"remaining_time":2.9796245},
{"learn":[0.3063114834],"iteration":577,"passed_time":4.071760769,"remaining_time":2.972808035},
{"learn":[0.3062985362],"iteration":578,"passed_time":4.078941923,"remaining_time":2.96586278},
{"learn":[0.3062797837],"iteration":579,"passed_time":4.086306231,"remaining_time":2.959049339},
{"learn":[0.3062187726],"iteration":580,"passed_time":4.094637784,"remaining_time":2.952931551},
{"learn":[0.3061730454],"iteration":581,"passed_time":4.102099204,"remaining_time":2.946181215},
{"learn":[0.3061427048],"iteration":582,"passed_time":4.109838337,"remaining_time":2.939627078},
{"learn":[0.3060900352],"iteration":583,"passed_time":4.116688937,"remaining_time":2.932435955},
{"learn":[0.3060801915],"iteration":584,"passed_time":4.123983644,"remaining_time":2.925561046},
{"learn":[0.3060669097],"iteration":585,"passed_time":4.130957803,"remaining_time":2.918458243},
{"learn":[0.3060518492],"iteration":586,"passed_time":4.137806155,"remaining_time":2.911267363},
{"learn":[0.3060226338],"iteration":587,"passed_time":4.145069597,"remaining_time":2.904368493},
{"learn":[0.3060015232],"iteration":588,"passed_time":4.152425426,"remaining_time":2.897532852},
{"learn":[0.3059682715],"iteration":589,"passed_time":4.159708011,"remaining_time":2.89064455},
{"learn":[0.305923349],"iteration":590,"passed_time":4.167169403,"remaining_time":2.883878656},
{"learn":[0.3058953611],"iteration":591,"passed_time":4.174318527,"remaining_time":2.876895201},
{"learn":[0.3058671891],"iteration":592,"passed_time":4.181105974,"remaining_time":2.869662954},
{"learn":[0.3058584134],"iteration":593,"passed_time":4.188619353,"remaining_time":2.862928379},
{"learn":[0.3057495376],"iteration":594,"passed_time":4.196175427,"remaining_time":2.856220248},
{"learn":[0.3057067867],"iteration":595,"passed_time":4.204607072,"remaining_time":2.85010278},
{"learn":[0.3057005959],"iteration":596,"passed_time":4.212712325,"remaining_time":2.843757231},
{"learn":[0.3056638714],"iteration":597,"passed_time":4.220445217,"remaining_time":2.83715548},
{"learn":[0.3056406119],"iteration":598,"passed_time":4.228973535,"remaining_time":2.83108245},
{"learn":[0.3056029985],"iteration":599,"passed_time":4.23850991,"remaining_time":2.825673273},
{"learn":[0.305574077],"iteration":600,"passed_time":4.247006681,"remaining_time":2.819560176},
{"learn":[0.3055512801],"iteration":601,"passed_time":4.256289072,"remaining_time":2.813958556},
{"learn":[0.305543964],"iteration":602,"passed_time":4.263229625,"remaining_time":2.80680292},
{"learn":[0.3055298561],"iteration":603,"passed_time":4.270808404,"remaining_time":2.800066437},
{"learn":[0.3054505598],"iteration":604,"passed_time":4.278285634,"remaining_time":2.793260868},
{"learn":[0.3054112961],"iteration":605,"passed_time":4.285833327,"remaining_time":2.786498896},
{"learn":[0.3053575],"iteration":606,"passed_time":4.293063789,"remaining_time":2.779528944},
{"learn":[0.3053311911],"iteration":607,"passed_time":4.300185872,"remaining_time":2.77248826},
{"learn":[0.3052776372],"iteration":608,"passed_time":4.307314247,"remaining_time":2.765451347},
{"learn":[0.3052707488],"iteration":609,"passed_time":4.314684,"remaining_time":2.758568459},
{"learn":[0.3052455948],"iteration":610,"passed_time":4.32265453,"remaining_time":2.752066468},
{"learn":[0.3052211438],"iteration":611,"passed_time":4.330254943,"remaining_time":2.745325029},
{"learn":[0.3051994844],"iteration":612,"passed_time":4.337574968,"remaining_time":2.738403773},
{"learn":[0.3051248707],"iteration":613,"passed_time":4.34458501,"remaining_time":2.731286342},
{"learn":[0.3051023627],"iteration":614,"passed_time":4.352495436,"remaining_time":2.724732915},
{"learn":[0.3050958832],"iteration":615,"passed_time":4.359600581,"remaining_time":2.717673089},
{"learn":[0.3050779997],"iteration":616,"passed_time":4.366994208,"remaining_time":2.710792191},
{"learn":[0.305055853],"iteration":617,"passed_time":4.374368551,"remaining_time":2.703897713},
{"learn":[0.3050212714],"iteration":618,"passed_time":4.381659743,"remaining_time":2.696950504},
{"learn":[0.3050085422],"iteration":619,"passed_time":4.388945631,"remaining_time":2.689998935},
{"learn":[0.3049821328],"iteration":620,"passed_time":4.396811,"remaining_time":2.68339995},
{"learn":[0.3049548349],"iteration":621,"passed_time":4.404655194,"remaining_time":2.676784025},
{"learn":[0.3049401308],"iteration":622,"passed_time":4.413191184,"remaining_time":2.670582787},
{"learn":[0.3049299187],"iteration":623,"passed_time":4.420458346,"remaining_time":2.663609516},
{"learn":[0.3049077172],"iteration":624,"passed_time":4.428609811,"remaining_time":2.657165887},
{"learn":[0.3049016549],"iteration":625,"passed_time":4.436350773,"remaining_time":2.650471548},
{"learn":[0.3048717846],"iteration":626,"passed_time":4.444461903,"remaining_time":2.643994083},
{"learn":[0.3048397114],"iteration":627,"passed_time":4.452951604,"remaining_time":2.637735663},
{"learn":[0.3048245822],"iteration":628,"passed_time":4.461492041,"remaining_time":2.631500075},
{"learn":[0.3047988548],"iteration":629,"passed_time":4.469762986,"remaining_time":2.625098896},
{"learn":[0.3047713616],"iteration":630,"passed_time":4.478680922,"remaining_time":2.619070143},
{"learn":[0.3047507468],"iteration":631,"passed_time":4.487045618,"remaining_time":2.612710107},
{"learn":[0.3047309104],"iteration":632,"passed_time":4.497732458,"remaining_time":2.607690066},
{"learn":[0.3047094458],"iteration":633,"passed_time":4.505936171,"remaining_time":2.601218673},
{"learn":[0.3046961746],"iteration":634,"passed_time":4.515514759,"remaining_time":2.595532106},
{"learn":[0.3046753419],"iteration":635,"passed_time":4.522703337,"remaining_time":2.588465432},
{"learn":[0.3046543653],"iteration":636,"passed_time":4.532546939,"remaining_time":2.582911364},
{"learn":[0.3046106655],"iteration":637,"passed_time":4.539639857,"remaining_time":2.575783117},
{"learn":[0.3045842033],"iteration":638,"passed_time":4.548022029,"remaining_time":2.569383337},
{"learn":[0.3045557966],"iteration":639,"passed_time":4.554772952,"remaining_time":2.562059786},
{"learn":[0.3045260748],"iteration":640,"passed_time":4.563275606,"remaining_time":2.555719099},
{"learn":[0.3045109228],"iteration":641,"passed_time":4.570242018,"remaining_time":2.548515019},
{"learn":[0.3044616251],"iteration":642,"passed_time":4.578848813,"remaining_time":2.542222436},
{"learn":[0.3044111121],"iteration":643,"passed_time":4.585976779,"remaining_time":2.535105176},
{"learn":[0.3043762531],"iteration":644,"passed_time":4.595864565,"remaining_time":2.529506854},
{"learn":[0.3043650443],"iteration":645,"passed_time":4.603210999,"remaining_time":2.522502622},
{"learn":[0.3043359241],"iteration":646,"passed_time":4.613185308,"remaining_time":2.516931088},
{"learn":[0.3042766542],"iteration":647,"passed_time":4.62151411,"remaining_time":2.510452109},
{"learn":[0.3042551659],"iteration":648,"passed_time":4.630641842,"remaining_time":2.504399517},
{"learn":[0.3042009646],"iteration":649,"passed_time":4.63845751,"remaining_time":2.497630967},
{"learn":[0.3041716605],"iteration":650,"passed_time":4.646590858,"remaining_time":2.491029508},
{"learn":[0.3041219333],"iteration":651,"passed_time":4.654395068,"remaining_time":2.484247675},
{"learn":[0.3040958192],"iteration":652,"passed_time":4.661678189,"remaining_time":2.477185806},
{"learn":[0.3040813362],"iteration":653,"passed_time":4.668912688,"remaining_time":2.470097539},
{"learn":[0.3040579423],"iteration":654,"passed_time":4.676405952,"remaining_time":2.46314512},
{"learn":[0.3040447428],"iteration":655,"passed_time":4.683716823,"remaining_time":2.456095407},
{"learn":[0.3040297879],"iteration":656,"passed_time":4.691432461,"remaining_time":2.449256216},
{"learn":[0.3039677303],"iteration":657,"passed_time":4.698823201,"remaining_time":2.442245494},
{"learn":[0.3038708367],"iteration":658,"passed_time":4.706780401,"remaining_time":2.435526733},
{"learn":[0.3037757381],"iteration":659,"passed_time":4.714337949,"remaining_time":2.428598337},
{"learn":[0.3037636988],"iteration":660,"passed_time":4.721381529,"remaining_time":2.421404445},
{"learn":[0.3037529449],"iteration":661,"passed_time":4.728660899,"remaining_time":2.414331396},
{"learn":[0.303729281],"iteration":662,"passed_time":4.736105448,"remaining_time":2.407341683},
{"learn":[0.3037074823],"iteration":663,"passed_time":4.74406658,"remaining_time":2.400612005},
{"learn":[0.3036911908],"iteration":664,"passed_time":4.753340976,"remaining_time":2.394540191},
{"learn":[0.3036545684],"iteration":665,"passed_time":4.76173651,"remaining_time":2.38801801},
{"learn":[0.3036175079],"iteration":666,"passed_time":4.771329637,"remaining_time":2.382088109},
{"learn":[0.3035814649],"iteration":667,"passed_time":4.780341612,"remaining_time":2.375858406},
{"learn":[0.3035460322],"iteration":668,"passed_time":4.789340153,"remaining_time":2.369613738},
{"learn":[0.3034897142],"iteration":669,"passed_time":4.798341597,"remaining_time":2.363362279},
{"learn":[0.3034588686],"iteration":670,"passed_time":4.806780433,"remaining_time":2.35682677},
{"learn":[0.3034336624],"iteration":671,"passed_time":4.814492095,"remaining_time":2.349930665},
{"learn":[0.3034272822],"iteration":672,"passed_time":4.822968428,"remaining_time":2.343403679},
{"learn":[0.3034003882],"iteration":673,"passed_time":4.829922431,"remaining_time":2.336134588},
{"learn":[0.3033785798],"iteration":674,"passed_time":4.837491911,"remaining_time":2.329162772},
{"learn":[0.3033287599],"iteration":675,"passed_time":4.844822046,"remaining_time":2.322074472},
{"learn":[0.3033092837],"iteration":676,"passed_time":4.854038802,"remaining_time":2.315885573},
{"learn":[0.3032978777],"iteration":677,"passed_time":4.861578083,"remaining_time":2.308891066},
{"learn":[0.3032792969],"iteration":678,"passed_time":4.870462233,"remaining_time":2.302530746},
{"learn":[0.3032369635],"iteration":679,"passed_time":4.877402944,"remaining_time":2.295248444},
{"learn":[0.3031785166],"iteration":680,"passed_time":4.886284087,"remaining_time":2.2888761},
{"learn":[0.3031669506],"iteration":681,"passed_time":4.893244654,"remaining_time":2.28160088},
{"learn":[0.3031473583],"iteration":682,"passed_time":4.901829188,"remaining_time":2.275080311},
{"learn":[0.3031249328],"iteration":683,"passed_time":4.908991594,"remaining_time":2.267896701},
{"learn":[0.3030625237],"iteration":684,"passed_time":4.917504001,"remaining_time":2.261333957},
{"learn":[0.3030313742],"iteration":685,"passed_time":4.925339488,"remaining_time":2.254455684},
{"learn":[0.302938836],"iteration":686,"passed_time":4.934794801,"remaining_time":2.248312624},
{"learn":[0.3028730508],"iteration":687,"passed_time":4.942390133,"remaining_time":2.241316456},
{"learn":[0.302829176],"iteration":688,"passed_time":4.951127643,"remaining_time":2.234834103},
{"learn":[0.3027826093],"iteration":689,"passed_time":4.958642569,"remaining_time":2.227795937},
{"learn":[0.3027390759],"iteration":690,"passed_time":4.967683604,"remaining_time":2.221438833},
{"learn":[0.3027255968],"iteration":691,"passed_time":4.974990083,"remaining_time":2.214301944},
{"learn":[0.3026943396],"iteration":692,"passed_time":4.984181046,"remaining_time":2.207999396},
{"learn":[0.3026482602],"iteration":693,"passed_time":4.991478658,"remaining_time":2.200853702},
{"learn":[0.3025834474],"iteration":694,"passed_time":5.000348065,"remaining_time":2.194397352},
{"learn":[0.3025618295],"iteration":695,"passed_time":5.008017113,"remaining_time":2.187409773},
{"learn":[0.3025052581],"iteration":696,"passed_time":5.017966791,"remaining_time":2.181411675},
{"learn":[0.3024895929],"iteration":697,"passed_time":5.025450013,"remaining_time":2.174335106},
{"learn":[0.3024693485],"iteration":698,"passed_time":5.034992029,"remaining_time":2.168143921},
{"learn":[0.3024459446],"iteration":699,"passed_time":5.042979115,"remaining_time":2.161276764},
{"learn":[0.3024315735],"iteration":700,"passed_time":5.052133139,"remaining_time":2.154904149},
{"learn":[0.3023960596],"iteration":701,"passed_time":5.059780626,"remaining_time":2.147884083},
{"learn":[0.3023796903],"iteration":702,"passed_time":5.069003481,"remaining_time":2.141527786},
{"learn":[0.302346412],"iteration":703,"passed_time":5.076824048,"remaining_time":2.134573747},
{"learn":[0.3023028058],"iteration":704,"passed_time":5.084695428,"remaining_time":2.127638513},
{"learn":[0.3022836614],"iteration":705,"passed_time":5.092345424,"remaining_time":2.120608434},
{"learn":[0.3022672535],"iteration":706,"passed_time":5.0995375,"remaining_time":2.113386828},
{"learn":[0.3022569602],"iteration":707,"passed_time":5.106413868,"remaining_time":2.106035098},
{"learn":[0.3022376073],"iteration":708,"passed_time":5.11442676,"remaining_time":2.099151181},
{"learn":[0.3022202353],"iteration":709,"passed_time":5.122074622,"remaining_time":2.092114987},
{"learn":[0.3022048055],"iteration":710,"passed_time":5.129476039,"remaining_time":2.084976899},
{"learn":[0.302195845],"iteration":711,"passed_time":5.13684602,"remaining_time":2.077825357},
{"learn":[0.3021760402],"iteration":712,"passed_time":5.143961189,"remaining_time":2.070570633},
{"learn":[0.3021470474],"iteration":713,"passed_time":5.15150909,"remaining_time":2.063489635},
{"learn":[0.3021226316],"iteration":714,"passed_time":5.159505358,"remaining_time":2.056586052},
{"learn":[0.3021028437],"iteration":715,"passed_time":5.167523328,"remaining_time":2.049688024},
{"learn":[0.3020820426],"iteration":716,"passed_time":5.175926198,"remaining_time":2.042938792},
{"learn":[0.3020401712],"iteration":717,"passed_time":5.184645645,"remaining_time":2.036309292},
{"learn":[0.3020202307],"iteration":718,"passed_time":5.195354764,"remaining_time":2.030451584},
{"learn":[0.3019783782],"iteration":719,"passed_time":5.202909859,"remaining_time":2.023353834},
{"learn":[0.3019407],"iteration":720,"passed_time":5.212877339,"remaining_time":2.017188318},
{"learn":[0.3019186727],"iteration":721,"passed_time":5.220641038,"remaining_time":2.010163724},
{"learn":[0.3019015943],"iteration":722,"passed_time":5.229675961,"remaining_time":2.003624123},
{"learn":[0.3018812183],"iteration":723,"passed_time":5.237251248,"remaining_time":1.996521194},
{"learn":[0.3018413488],"iteration":724,"passed_time":5.246198677,"remaining_time":1.989937429},
{"learn":[0.3017546828],"iteration":725,"passed_time":5.254154614,"remaining_time":1.982972953},
{"learn":[0.3017098945],"iteration":726,"passed_time":5.263527553,"remaining_time":1.976537857},
{"learn":[0.3016534906],"iteration":727,"passed_time":5.27109761,"remaining_time":1.969421085},
{"learn":[0.301644173],"iteration":728,"passed_time":5.279501533,"remaining_time":1.962613053},
{"learn":[0.3016026767],"iteration":729,"passed_time":5.287303366,"remaining_time":1.955577957},
{"learn":[0.3015773258],"iteration":730,"passed_time":5.296561327,"remaining_time":1.949076603},
{"learn":[0.3015138166],"iteration":731,"passed_time":5.304308384,"remaining_time":1.942014545},
{"learn":[0.3014824902],"iteration":732,"passed_time":5.313527961,"remaining_time":1.935486993},
{"learn":[0.3014418085],"iteration":733,"passed_time":5.323235247,"remaining_time":1.92912885},
{"learn":[0.3013932014],"iteration":734,"passed_time":5.331438814,"remaining_time":1.922219436},
{"learn":[0.3013902648],"iteration":735,"passed_time":5.339109199,"remaining_time":1.915115256},
{"learn":[0.3013651928],"iteration":736,"passed_time":5.349774126,"remaining_time":1.909078148},
{"learn":[0.3013321897],"iteration":737,"passed_time":5.358837816,"remaining_time":1.902460038},
{"learn":[0.3012555762],"iteration":738,"passed_time":5.36875752,"remaining_time":1.896137636},
{"learn":[0.3012505587],"iteration":739,"passed_time":5.376811544,"remaining_time":1.889150002},
{"learn":[0.3012362038],"iteration":740,"passed_time":5.384439747,"remaining_time":1.882010654},
{"learn":[0.3012074517],"iteration":741,"passed_time":5.392078177,"remaining_time":1.874873544},
{"learn":[0.3011715345],"iteration":742,"passed_time":5.399350123,"remaining_time":1.86760832},
{"learn":[0.301147181],"iteration":743,"passed_time":5.407280563,"remaining_time":1.860569656},
{"learn":[0.3011152739],"iteration":744,"passed_time":5.415036636,"remaining_time":1.853468916},
{"learn":[0.3011093985],"iteration":745,"passed_time":5.422837219,"remaining_time":1.846381573},
{"learn":[0.30109133],"iteration":746,"passed_time":5.430945348,"remaining_time":1.839396483},
{"learn":[0.301054577],"iteration":747,"passed_time":5.438739589,"remaining_time":1.832302642},
{"learn":[0.3010488686],"iteration":748,"passed_time":5.446588257,"remaining_time":1.82522517},
{"learn":[0.3010322898],"iteration":749,"passed_time":5.454369405,"remaining_time":1.818123135},
{"learn":[0.3010068441],"iteration":750,"passed_time":5.462009117,"remaining_time":1.810972397},
{"learn":[0.3009539336],"iteration":751,"passed_time":5.469964298,"remaining_time":1.803924396},
{"learn":[0.3009071215],"iteration":752,"passed_time":5.47790855,"remaining_time":1.796870401},
{"learn":[0.3008644591],"iteration":753,"passed_time":5.485476264,"remaining_time":1.789691195},
{"learn":[0.3007942894],"iteration":754,"passed_time":5.493453859,"remaining_time":1.782643967},
{"learn":[0.3007726103],"iteration":755,"passed_time":5.500995216,"remaining_time":1.775453482},
{"learn":[0.3007444413],"iteration":756,"passed_time":5.508643762,"remaining_time":1.768296478},
{"learn":[0.3007177893],"iteration":757,"passed_time":5.516394075,"remaining_time":1.761170668},
{"learn":[0.3007064045],"iteration":758,"passed_time":5.52426125,"remaining_time":1.754080318},
{"learn":[0.3006875126],"iteration":759,"passed_time":5.531815557,"remaining_time":1.746889123},
{"learn":[0.300671785],"iteration":760,"passed_time":5.53957999,"remaining_time":1.739762967},
{"learn":[0.3006652078],"iteration":761,"passed_time":5.547285238,"remaining_time":1.732616649},
{"learn":[0.3006396185],"iteration":762,"passed_time":5.555223628,"remaining_time":1.725541284},
{"learn":[0.3006150283],"iteration":763,"passed_time":5.562909558,"remaining_time":1.718385675},
{"learn":[0.3005639992],"iteration":764,"passed_time":5.570955231,"remaining_time":1.711339189},
{"learn":[0.3005217782],"iteration":765,"passed_time":5.578937149,"remaining_time":1.704270617},
{"learn":[0.3004910677],"iteration":766,"passed_time":5.587109649,"remaining_time":1.69725756},
{"learn":[0.3004471779],"iteration":767,"passed_time":5.595027624,"remaining_time":1.690164595},
{"learn":[0.3004424529],"iteration":768,"passed_time":5.602566301,"remaining_time":1.682955547},
{"learn":[0.300415895],"iteration":769,"passed_time":5.610247038,"remaining_time":1.675788076},
{"learn":[0.3003443961],"iteration":770,"passed_time":5.617673521,"remaining_time":1.668543757},
{"learn":[0.3003273689],"iteration":771,"passed_time":5.625714207,"remaining_time":1.661480362},
{"learn":[0.3003218992],"iteration":772,"passed_time":5.634052919,"remaining_time":1.654501957},
{"learn":[0.3002701176],"iteration":773,"passed_time":5.642240966,"remaining_time":1.647476044},
{"learn":[0.3002504951],"iteration":774,"passed_time":5.650437762,"remaining_time":1.640449673},
{"learn":[0.3001731898],"iteration":775,"passed_time":5.659166718,"remaining_time":1.633573898},
{"learn":[0.3001362569],"iteration":776,"passed_time":5.668648836,"remaining_time":1.626909511},
{"learn":[0.3001028506],"iteration":777,"passed_time":5.676122145,"remaining_time":1.619664674},
{"learn":[0.3000934197],"iteration":778,"passed_time":5.683671021,"remaining_time":1.612440688},
{"learn":[0.3000691516],"iteration":779,"passed_time":5.691135701,"remaining_time":1.605192121},
{"learn":[0.3000560826],"iteration":780,"passed_time":5.698823906,"remaining_time":1.598005679},
{"learn":[0.3000244876],"iteration":781,"passed_time":5.707778203,"remaining_time":1.591170906},
{"learn":[0.2999880775],"iteration":782,"passed_time":5.715952936,"remaining_time":1.584114671},
{"learn":[0.299948743],"iteration":783,"passed_time":5.724097121,"remaining_time":1.577047166},
{"learn":[0.2999409631],"iteration":784,"passed_time":5.732510901,"remaining_time":1.570050756},
{"learn":[0.2999313669],"iteration":785,"passed_time":5.74077897,"remaining_time":1.563011068},
{"learn":[0.2998989714],"iteration":786,"passed_time":5.749070861,"remaining_time":1.555974706},
{"learn":[0.2998746791],"iteration":787,"passed_time":5.758037484,"remaining_time":1.549116683},
{"learn":[0.2998548139],"iteration":788,"passed_time":5.76595442,"remaining_time":1.541972602},
{"learn":[0.2998425173],"iteration":789,"passed_time":5.773643436,"remaining_time":1.534765977},
{"learn":[0.2998379623],"iteration":790,"passed_time":5.780666864,"remaining_time":1.527382269},
{"learn":[0.2998063222],"iteration":791,"passed_time":5.788716197,"remaining_time":1.5202689},
{"learn":[0.2997903994],"iteration":792,"passed_time":5.79621932,"remaining_time":1.513010592},
{"learn":[0.2997867048],"iteration":793,"passed_time":5.803660993,"remaining_time":1.505735724},
{"learn":[0.2997506765],"iteration":794,"passed_time":5.811684568,"remaining_time":1.498610486},
{"learn":[0.2997269485],"iteration":795,"passed_time":5.819011718,"remaining_time":1.491304511},
{"learn":[0.2997003698],"iteration":796,"passed_time":5.826538159,"remaining_time":1.484049242},
{"learn":[0.2996860229],"iteration":797,"passed_time":5.834143876,"remaining_time":1.476813362},
{"learn":[0.2996638506],"iteration":798,"passed_time":5.841824367,"remaining_time":1.469595367},
{"learn":[0.2996165889],"iteration":799,"passed_time":5.849306102,"remaining_time":1.462326525},
{"learn":[0.2995936875],"iteration":800,"passed_time":5.857514081,"remaining_time":1.455237581},
{"learn":[0.2995631793],"iteration":801,"passed_time":5.865475703,"remaining_time":1.448085024},
{"learn":[0.2995189451],"iteration":802,"passed_time":5.874303307,"remaining_time":1.441142903},
{"learn":[0.2994759468],"iteration":803,"passed_time":5.883086749,"remaining_time":1.434185327},
{"learn":[0.2994647665],"iteration":804,"passed_time":5.891329372,"remaining_time":1.427092208},
{"learn":[0.2994400747],"iteration":805,"passed_time":5.899277987,"remaining_time":1.419925471},
{"learn":[0.2994029757],"iteration":806,"passed_time":5.907315979,"remaining_time":1.412778171},
{"learn":[0.2993748376],"iteration":807,"passed_time":5.915335831,"remaining_time":1.405624356},
{"learn":[0.2993685405],"iteration":808,"passed_time":5.922681458,"remaining_time":1.398309219},
{"learn":[0.2993458505],"iteration":809,"passed_time":5.929867961,"remaining_time":1.390956682},
{"learn":[0.2993386854],"iteration":810,"passed_time":5.939275271,"remaining_time":1.384122104},
{"learn":[0.2992917977],"iteration":811,"passed_time":5.945874971,"remaining_time":1.376631151},
{"learn":[0.2992135849],"iteration":812,"passed_time":5.953178713,"remaining_time":1.369304329},
{"learn":[0.2991709108],"iteration":813,"passed_time":5.960243909,"remaining_time":1.361923055},
{"learn":[0.2991641354],"iteration":814,"passed_time":5.967166738,"remaining_time":1.354510241},
{"learn":[0.2991414095],"iteration":815,"passed_time":5.974427334,"remaining_time":1.347174791},
{"learn":[0.299124379],"iteration":816,"passed_time":5.98146531,"remaining_time":1.339789659},
{"learn":[0.2991210593],"iteration":817,"passed_time":5.988328948,"remaining_time":1.332366587},
{"learn":[0.299110125],"iteration":818,"passed_time":5.995233514,"remaining_time":1.324953927},
{"learn":[0.2990696408],"iteration":819,"passed_time":6.002560359,"remaining_time":1.317635201},
{"learn":[0.299049496],"iteration":820,"passed_time":6.009767329,"remaining_time":1.310290319},
{"learn":[0.2990240389],"iteration":821,"passed_time":6.016682382,"remaining_time":1.30288256},
{"learn":[0.2990028218],"iteration":822,"passed_time":6.023941192,"remaining_time":1.295549928},
{"learn":[0.2989867205],"iteration":823,"passed_time":6.031065798,"remaining_time":1.288188811},
{"learn":[0.2989656329],"iteration":824,"passed_time":6.037942667,"remaining_time":1.280775717},
{"learn":[0.2989589884],"iteration":825,"passed_time":6.045096252,"remaining_time":1.273422213},
{"learn":[0.2989364347],"iteration":826,"passed_time":6.052418744,"remaining_time":1.266104526},
{"learn":[0.2989097512],"iteration":827,"passed_time":6.059348137,"remaining_time":1.258705168},
{"learn":[0.2988845557],"iteration":828,"passed_time":6.066457127,"remaining_time":1.251343991},
{"learn":[0.2988748304],"iteration":829,"passed_time":6.07328379,"remaining_time":1.243925596},
{"learn":[0.2988021419],"iteration":830,"passed_time":6.080361248,"remaining_time":1.236559628},
{"learn":[0.2987674594],"iteration":831,"passed_time":6.087431306,"remaining_time":1.22919286},
{"learn":[0.2987436154],"iteration":832,"passed_time":6.094132972,"remaining_time":1.221752949},
{"learn":[0.2987037517],"iteration":833,"passed_time":6.101649318,"remaining_time":1.214476962},
{"learn":[0.2986654318],"iteration":834,"passed_time":6.109092054,"remaining_time":1.207185855},
{"learn":[0.2986370729],"iteration":835,"passed_time":6.116203978,"remaining_time":1.199829489},
{"learn":[0.298629715],"iteration":836,"passed_time":6.123113781,"remaining_time":1.192434344},
{"learn":[0.2986153511],"iteration":837,"passed_time":6.130747827,"remaining_time":1.185180367},
{"learn":[0.2985434413],"iteration":838,"passed_time":6.138227655,"remaining_time":1.177895891},
{"learn":[0.2985216428],"iteration":839,"passed_time":6.145814217,"remaining_time":1.170631279},
{"learn":[0.2984998335],"iteration":840,"passed_time":6.153265012,"remaining_time":1.163340234},
{"learn":[0.2984744143],"iteration":841,"passed_time":6.160660382,"remaining_time":1.156038409},
{"learn":[0.2984620927],"iteration":842,"passed_time":6.16795378,"remaining_time":1.148717371},
{"learn":[0.2984391676],"iteration":843,"passed_time":6.175610839,"remaining_time":1.141463615},
{"learn":[0.2984186182],"iteration":844,"passed_time":6.183117606,"remaining_time":1.134181336},
{"learn":[0.2983878602],"iteration":845,"passed_time":6.194938847,"remaining_time":1.127683904},
{"learn":[0.2983621298],"iteration":846,"passed_time":6.213199234,"remaining_time":1.122337052},
{"learn":[0.2983063903],"iteration":847,"passed_time":6.230329991,"remaining_time":1.116757263},
{"learn":[0.2982581595],"iteration":848,"passed_time":6.247580443,"remaining_time":1.111171551},
{"learn":[0.2982338423],"iteration":849,"passed_time":6.259938134,"remaining_time":1.104694965},
{"learn":[0.2981961597],"iteration":850,"passed_time":6.270980534,"remaining_time":1.097974265},
{"learn":[0.2981602269],"iteration":851,"passed_time":6.289111193,"remaining_time":1.092474714},
{"learn":[0.2981419301],"iteration":852,"passed_time":6.304780792,"remaining_time":1.086521426},
{"learn":[0.2981316108],"iteration":853,"passed_time":6.314571277,"remaining_time":1.079540289},
{"learn":[0.2981209092],"iteration":854,"passed_time":6.324444453,"remaining_time":1.072566603},
{"learn":[0.2980802412],"iteration":855,"passed_time":6.335439891,"remaining_time":1.065774935},
{"learn":[0.2980444551],"iteration":856,"passed_time":6.344511365,"remaining_time":1.058652422},
{"learn":[0.2980094499],"iteration":857,"passed_time":6.352118447,"remaining_time":1.051283006},
{"learn":[0.2979880331],"iteration":858,"passed_time":6.360074686,"remaining_time":1.04397035},
{"learn":[0.2979659719],"iteration":859,"passed_time":6.368239197,"remaining_time":1.036690102},
{"learn":[0.2979312987],"iteration":860,"passed_time":6.376465959,"remaining_time":1.029417849},
{"learn":[0.2979138644],"iteration":861,"passed_time":6.384077263,"remaining_time":1.022044852},
{"learn":[0.2978853018],"iteration":862,"passed_time":6.392797777,"remaining_time":1.014847388},
{"learn":[0.2978303718],"iteration":863,"passed_time":6.401479527,"remaining_time":1.007640296},
{"learn":[0.2978098667],"iteration":864,"passed_time":6.410706076,"remaining_time":1.000514821},
{"learn":[0.2977920839],"iteration":865,"passed_time":6.419474328,"remaining_time":0.9933135796},
{"learn":[0.2977864451],"iteration":866,"passed_time":6.428376669,"remaining_time":0.9861292929},
{"learn":[0.2977809779],"iteration":867,"passed_time":6.436994811,"remaining_time":0.9788978284},
{"learn":[0.2977525877],"iteration":868,"passed_time":6.44539842,"remaining_time":0.971630832},
{"learn":[0.2977165817],"iteration":869,"passed_time":6.454575129,"remaining_time":0.9644767435},
{"learn":[0.2976881066],"iteration":870,"passed_time":6.463353676,"remaining_time":0.9572590405},
{"learn":[0.2976699749],"iteration":871,"passed_time":6.47158481,"remaining_time":0.9499574033},
{"learn":[0.2976292273],"iteration":872,"passed_time":6.479198116,"remaining_time":0.942563758},
{"learn":[0.2975808423],"iteration":873,"passed_time":6.486898358,"remaining_time":0.9351821431},
{"learn":[0.2975587734],"iteration":874,"passed_time":6.495613168,"remaining_time":0.9279447383},
{"learn":[0.2975377888],"iteration":875,"passed_time":6.502772449,"remaining_time":0.9204837713},
{"learn":[0.2975282523],"iteration":876,"passed_time":6.510700318,"remaining_time":0.9131312874},
{"learn":[0.2975041203],"iteration":877,"passed_time":6.518213755,"remaining_time":0.9057199067},
{"learn":[0.2974822039],"iteration":878,"passed_time":6.525654327,"remaining_time":0.8982982635},
{"learn":[0.297445353],"iteration":879,"passed_time":6.532299059,"remaining_time":0.8907680535},
{"learn":[0.2974149591],"iteration":880,"passed_time":6.539763079,"remaining_time":0.883350518},
{"learn":[0.2973844563],"iteration":881,"passed_time":6.547702031,"remaining_time":0.8759964169},
{"learn":[0.2973321297],"iteration":882,"passed_time":6.555398067,"remaining_time":0.8686088039},
{"learn":[0.2972879659],"iteration":883,"passed_time":6.562740758,"remaining_time":0.8611741266},
{"learn":[0.2972579814],"iteration":884,"passed_time":6.570777442,"remaining_time":0.8538298371},
{"learn":[0.2972225974],"iteration":885,"passed_time":6.578807863,"remaining_time":0.8464831787},
{"learn":[0.297212139],"iteration":886,"passed_time":6.58658223,"remaining_time":0.8391023585},
{"learn":[0.2971678083],"iteration":887,"passed_time":6.595229209,"remaining_time":0.8318307111},
{"learn":[0.297104412],"iteration":888,"passed_time":6.603011341,"remaining_time":0.8244479852},
{"learn":[0.297070772],"iteration":889,"passed_time":6.610618068,"remaining_time":0.8170426826},
{"learn":[0.2970359042],"iteration":890,"passed_time":6.618487512,"remaining_time":0.8096690671},
{"learn":[0.2970120215],"iteration":891,"passed_time":6.626360837,"remaining_time":0.8022948099},
{"learn":[0.2970013069],"iteration":892,"passed_time":6.633649308,"remaining_time":0.7948493571},
{"learn":[0.2969869765],"iteration":893,"passed_time":6.640944045,"remaining_time":0.7874049986},
{"learn":[0.2969445064],"iteration":894,"passed_time":6.648088438,"remaining_time":0.7799433364},
{"learn":[0.2969273418],"iteration":895,"passed_time":6.654697504,"remaining_time":0.772420246},
{"learn":[0.296913825],"iteration":896,"passed_time":6.661070614,"remaining_time":0.7648720995},
{"learn":[0.2968953197],"iteration":897,"passed_time":6.667700035,"remaining_time":0.7573556833},
{"learn":[0.2968891174],"iteration":898,"passed_time":6.674956211,"remaining_time":0.7499116544},
{"learn":[0.29686938],"iteration":899,"passed_time":6.682462424,"remaining_time":0.7424958249},
{"learn":[0.2968623145],"iteration":900,"passed_time":6.689725732,"remaining_time":0.7350531049},
{"learn":[0.2968155253],"iteration":901,"passed_time":6.697039691,"remaining_time":0.7276162857},
{"learn":[0.296798025],"iteration":902,"passed_time":6.704734828,"remaining_time":0.7202206847},
{"learn":[0.2967662471],"iteration":903,"passed_time":6.712250395,"remaining_time":0.7128053517},
{"learn":[0.2967454937],"iteration":904,"passed_time":6.720170236,"remaining_time":0.7054322347},
{"learn":[0.2967236907],"iteration":905,"passed_time":6.72764404,"remaining_time":0.6980116333},
{"learn":[0.2966935393],"iteration":906,"passed_time":6.736652776,"remaining_time":0.6907483},
{"learn":[0.2966750001],"iteration":907,"passed_time":6.743422696,"remaining_time":0.683254282},
{"learn":[0.2966649249],"iteration":908,"passed_time":6.750396765,"remaining_time":0.6757822944},
{"learn":[0.2966494175],"iteration":909,"passed_time":6.757338052,"remaining_time":0.668308159},
{"learn":[0.2966145658],"iteration":910,"passed_time":6.76511067,"remaining_time":0.6609164101},
{"learn":[0.2965835002],"iteration":911,"passed_time":6.772767221,"remaining_time":0.6535126266},
{"learn":[0.29657738],"iteration":912,"passed_time":6.779975566,"remaining_time":0.6460655796},
{"learn":[0.296535844],"iteration":913,"passed_time":6.786951638,"remaining_time":0.6385972001},
{"learn":[0.2965261578],"iteration":914,"passed_time":6.794302958,"remaining_time":0.6311647557},
{"learn":[0.2965199769],"iteration":915,"passed_time":6.80143583,"remaining_time":0.623712456},
{"learn":[0.2965055048],"iteration":916,"passed_time":6.808669763,"remaining_time":0.6162700003},
{"learn":[0.2964705657],"iteration":917,"passed_time":6.816521492,"remaining_time":0.6088831834},
{"learn":[0.2964479908],"iteration":918,"passed_time":6.824362393,"remaining_time":0.6014944003},
{"learn":[0.296438631],"iteration":919,"passed_time":6.832797379,"remaining_time":0.5941562938},
{"learn":[0.2963899591],"iteration":920,"passed_time":6.840573494,"remaining_time":0.58675929},
{"learn":[0.2963783779],"iteration":921,"passed_time":6.848696806,"remaining_time":0.5793908361},
{"learn":[0.2963207554],"iteration":922,"passed_time":6.857245915,"remaining_time":0.5720562681},
{"learn":[0.2962865262],"iteration":923,"passed_time":6.869840431,"remaining_time":0.5650518104},
{"learn":[0.2962571282],"iteration":924,"passed_time":6.878887808,"remaining_time":0.5577476601},
{"learn":[0.2962381997],"iteration":925,"passed_time":6.886915805,"remaining_time":0.5503582824},
{"learn":[0.2962270822],"iteration":926,"passed_time":6.895116939,"remaining_time":0.5429811613},
{"learn":[0.296207621],"iteration":927,"passed_time":6.90276573,"remaining_time":0.5355594101},
{"learn":[0.2961950164],"iteration":928,"passed_time":6.910839223,"remaining_time":0.5281696284},
{"learn":[0.2961830573],"iteration":929,"passed_time":6.918200836,"remaining_time":0.5207247941},
{"learn":[0.2961480399],"iteration":930,"passed_time":6.925761992,"remaining_time":0.5132949275},
{"learn":[0.2961356623],"iteration":931,"passed_time":6.933274217,"remaining_time":0.505861209},
{"learn":[0.2961064011],"iteration":932,"passed_time":6.940113676,"remaining_time":0.4983790099},
{"learn":[0.2960912943],"iteration":933,"passed_time":6.946720116,"remaining_time":0.4908817213},
{"learn":[0.2960696302],"iteration":934,"passed_time":6.953767035,"remaining_time":0.4834169597},
{"learn":[0.2960267534],"iteration":935,"passed_time":6.961568327,"remaining_time":0.4760046719},
{"learn":[0.2960057968],"iteration":936,"passed_time":6.969504608,"remaining_time":0.46860063},
{"learn":[0.2959760242],"iteration":937,"passed_time":6.976621937,"remaining_time":0.4611413221},
{"learn":[0.2959514222],"iteration":938,"passed_time":6.984271506,"remaining_time":0.4537173183},
{"learn":[0.2959018732],"iteration":939,"passed_time":6.99250443,"remaining_time":0.44633007},
{"learn":[0.2958752248],"iteration":940,"passed_time":7.000322943,"remaining_time":0.4389150411},
{"learn":[0.2958534189],"iteration":941,"passed_time":7.008560506,"remaining_time":0.4315249568},
{"learn":[0.2958293982],"iteration":942,"passed_time":7.016318039,"remaining_time":0.4241040596},
{"learn":[0.2957865462],"iteration":943,"passed_time":7.023746806,"remaining_time":0.4166629461},
{"learn":[0.2957416432],"iteration":944,"passed_time":7.031088659,"remaining_time":0.4092168002},
{"learn":[0.295721715],"iteration":945,"passed_time":7.038280602,"remaining_time":0.4017623177},
{"learn":[0.2956731476],"iteration":946,"passed_time":7.045555451,"remaining_time":0.3943130295},
{"learn":[0.2956504894],"iteration":947,"passed_time":7.05290441,"remaining_time":0.3868681744},
{"learn":[0.2955865773],"iteration":948,"passed_time":7.060297935,"remaining_time":0.3794259164},
{"learn":[0.2955643201],"iteration":949,"passed_time":7.067565857,"remaining_time":0.3719771504},
{"learn":[0.295531849],"iteration":950,"passed_time":7.074937434,"remaining_time":0.3645341054},
{"learn":[0.2955011003],"iteration":951,"passed_time":7.082564235,"remaining_time":0.3571040791},
{"learn":[0.2954772571],"iteration":952,"passed_time":7.089925938,"remaining_time":0.3496605657},
{"learn":[0.2954441718],"iteration":953,"passed_time":7.09771291,"remaining_time":0.3422377294},
{"learn":[0.2953878196],"iteration":954,"passed_time":7.104985174,"remaining_time":0.3347898773},
{"learn":[0.2953514942],"iteration":955,"passed_time":7.112229157,"remaining_time":0.3273410909},
{"learn":[0.2953231726],"iteration":956,"passed_time":7.119474169,"remaining_time":0.3198927788},
{"learn":[0.2953092677],"iteration":957,"passed_time":7.126376556,"remaining_time":0.3124298699},
{"learn":[0.2952668872],"iteration":958,"passed_time":7.133638786,"remaining_time":0.3049835143},
{"learn":[0.2952420678],"iteration":959,"passed_time":7.140906578,"remaining_time":0.2975377741},
{"learn":[0.295210903],"iteration":960,"passed_time":7.148289575,"remaining_time":0.2900970795},
{"learn":[0.2951912924],"iteration":961,"passed_time":7.155369542,"remaining_time":0.2826445349},
{"learn":[0.295154156],"iteration":962,"passed_time":7.162465468,"remaining_time":0.2751933773},
{"learn":[0.2951274701],"iteration":963,"passed_time":7.169521217,"remaining_time":0.2677414562},
{"learn":[0.2951061971],"iteration":964,"passed_time":7.176664312,"remaining_time":0.2602935243},
{"learn":[0.2950861566],"iteration":965,"passed_time":7.183934458,"remaining_time":0.2528506952},
{"learn":[0.29507567],"iteration":966,"passed_time":7.191013791,"remaining_time":0.2454017116},
{"learn":[0.2950265412],"iteration":967,"passed_time":7.198518772,"remaining_time":0.2379675627},
{"learn":[0.2950009273],"iteration":968,"passed_time":7.206306026,"remaining_time":0.230542298},
{"learn":[0.2949608673],"iteration":969,"passed_time":7.213468291,"remaining_time":0.2230969575},
{"learn":[0.294942628],"iteration":970,"passed_time":7.221575203,"remaining_time":0.2156804129},
{"learn":[0.2949029115],"iteration":971,"passed_time":7.230262951,"remaining_time":0.2082791796},
{"learn":[0.2948720505],"iteration":972,"passed_time":7.238047029,"remaining_time":0.2008502259},
{"learn":[0.2948494979],"iteration":973,"passed_time":7.245968147,"remaining_time":0.1934242011},
{"learn":[0.2948242647],"iteration":974,"passed_time":7.254084046,"remaining_time":0.186002155},
{"learn":[0.2948117146],"iteration":975,"passed_time":7.262932949,"remaining_time":0.1785967119},
{"learn":[0.2947967473],"iteration":976,"passed_time":7.271028725,"remaining_time":0.1711705841},
{"learn":[0.2947741327],"iteration":977,"passed_time":7.279138984,"remaining_time":0.1637434127},
{"learn":[0.2947494081],"iteration":978,"passed_time":7.288457439,"remaining_time":0.1563407622},
{"learn":[0.2947261226],"iteration":979,"passed_time":7.296624866,"remaining_time":0.1489107115},
{"learn":[0.2946955505],"iteration":980,"passed_time":7.304737512,"remaining_time":0.1414780966},
{"learn":[0.2946926203],"iteration":981,"passed_time":7.312172065,"remaining_time":0.1340316672},
{"learn":[0.294658983],"iteration":982,"passed_time":7.320851247,"remaining_time":0.1266067866},
{"learn":[0.2946453609],"iteration":983,"passed_time":7.328798311,"remaining_time":0.1191674522},
{"learn":[0.2946225699],"iteration":984,"passed_time":7.336863075,"remaining_time":0.1117288793},
{"learn":[0.2945975447],"iteration":985,"passed_time":7.345819718,"remaining_time":0.1043016998},
{"learn":[0.2945774046],"iteration":986,"passed_time":7.354199583,"remaining_time":0.0968638243},
{"learn":[0.2945498348],"iteration":987,"passed_time":7.362388647,"remaining_time":0.08942172445},
{"learn":[0.2945329797],"iteration":988,"passed_time":7.370226804,"remaining_time":0.08197421116},
{"learn":[0.2944967629],"iteration":989,"passed_time":7.378745488,"remaining_time":0.07453278271},
{"learn":[0.2944794105],"iteration":990,"passed_time":7.38805766,"remaining_time":0.06709638642},
{"learn":[0.2944733646],"iteration":991,"passed_time":7.398227013,"remaining_time":0.05966312107},
{"learn":[0.2944531776],"iteration":992,"passed_time":7.436183809,"remaining_time":0.05242022826},
{"learn":[0.2944336093],"iteration":993,"passed_time":7.456902435,"remaining_time":0.04501148351},
{"learn":[0.2943982061],"iteration":994,"passed_time":7.479264513,"remaining_time":0.03758424378},
{"learn":[0.2943614927],"iteration":995,"passed_time":7.489618532,"remaining_time":0.03007878928},
{"learn":[0.2943344133],"iteration":996,"passed_time":7.498846874,"remaining_time":0.02256423332},
{"learn":[0.2942990729],"iteration":997,"passed_time":7.507173149,"remaining_time":0.01504443517},
{"learn":[0.2942687848],"iteration":998,"passed_time":7.5200769,"remaining_time":0.007527604505},
{"learn":[0.2942497704],"iteration":999,"passed_time":7.529408404,"remaining_time":0}
]}