{
"meta":{"test_sets":[],"test_metrics":[],"learn_metrics":[{"best_value":"Min","name":"RMSE"}],"launch_mode":"Train","parameters":"","iteration_count":1000,"learn_sets":["learn"],"name":"experiment"},
"iterations":[
{"learn":[0.7663707648],"iteration":0,"passed_time":0.004593819895,"remaining_time":4.589226075},
{"learn":[0.7393247322],"iteration":1,"passed_time":0.009331699355,"remaining_time":4.656517978},
{"learn":[0.7144920969],"iteration":2,"passed_time":0.01288064937,"remaining_time":4.280669142},
{"learn":[0.6913828788],"iteration":3,"passed_time":0.01666016527,"remaining_time":4.148381152},
{"learn":[0.6702768489],"iteration":4,"passed_time":0.02144137124,"remaining_time":4.266832877},
{"learn":[0.6509660049],"iteration":5,"passed_time":0.02500107092,"remaining_time":4.141844082},
{"learn":[0.6324047479],"iteration":6,"passed_time":0.02820388288,"remaining_time":4.000922242},
{"learn":[0.6156476087],"iteration":7,"passed_time":0.03156846544,"remaining_time":3.914489714},
{"learn":[0.6007127685],"iteration":8,"passed_time":0.0356597276,"remaining_time":3.926532228},
{"learn":[0.5870562926],"iteration":9,"passed_time":0.03926845982,"remaining_time":3.887577522},
{"learn":[0.575731637],"iteration":10,"passed_time":0.04237781908,"remaining_time":3.810151189},
{"learn":[0.5638820005],"iteration":11,"passed_time":0.04574508684,"remaining_time":3.766345483},
{"learn":[0.5529131782],"iteration":12,"passed_time":0.04904856516,"remaining_time":3.723917986},
{"learn":[0.5425915458],"iteration":13,"passed_time":0.05362576877,"remaining_time":3.776786286},
{"learn":[0.5331696249],"iteration":14,"passed_time":0.05733835047,"remaining_time":3.765218347},
{"learn":[0.5248507936],"iteration":15,"passed_time":0.06088562891,"remaining_time":3.744466178},
{"learn":[0.5174378084],"iteration":16,"passed_time":0.06417876991,"remaining_time":3.711042989},
{"learn":[0.5113315132],"iteration":17,"passed_time":0.06835011159,"remaining_time":3.72887831},
{"learn":[0.5047269452],"iteration":18,"passed_time":0.07218027715,"remaining_time":3.726781678},
{"learn":[0.4989004924],"iteration":19,"passed_time":0.07582712721,"remaining_time":3.715529233},
{"learn":[0.494145065],"iteration":20,"passed_time":0.07953945606,"remaining_time":3.70805369},
{"learn":[0.4887467469],"iteration":21,"passed_time":0.08386190761,"remaining_time":3.728042984},
{"learn":[0.4841342487],"iteration":22,"passed_time":0.08778318743,"remaining_time":3.728877135},
{"learn":[0.4804939211],"iteration":23,"passed_time":0.09125688927,"remaining_time":3.711113497},
{"learn":[0.4764565504],"iteration":24,"passed_time":0.09451953233,"remaining_time":3.686261761},
{"learn":[0.4735250321],"iteration":25,"passed_time":0.09817668026,"remaining_time":3.677849484},
{"learn":[0.4702863638],"iteration":26,"passed_time":0.1023062748,"remaining_time":3.686815013},
{"learn":[0.4675836836],"iteration":27,"passed_time":0.1057112758,"remaining_time":3.669691431},
{"learn":[0.4650153378],"iteration":28,"passed_time":0.1092836707,"remaining_time":3.659118767},
{"learn":[0.4621736796],"iteration":29,"passed_time":0.1128445735,"remaining_time":3.648641209},
{"learn":[0.4594981473],"iteration":30,"passed_time":0.1173965323,"remaining_time":3.66958838},
{"learn":[0.4575157296],"iteration":31,"passed_time":0.1208895262,"remaining_time":3.656908166},
{"learn":[0.455387735],"iteration":32,"passed_time":0.1243544155,"remaining_time":3.643961207},
{"learn":[0.4537691736],"iteration":33,"passed_time":0.1279835846,"remaining_time":3.636239491},
{"learn":[0.4520680772],"iteration":34,"passed_time":0.1324344324,"remaining_time":3.651406494},
{"learn":[0.4505230844],"iteration":35,"passed_time":0.1360758148,"remaining_time":3.643807931},
{"learn":[0.4490929118],"iteration":36,"passed_time":0.1395439635,"remaining_time":3.631914509},
{"learn":[0.4476192802],"iteration":37,"passed_time":0.1428655552,"remaining_time":3.616754318},
{"learn":[0.4462392401],"iteration":38,"passed_time":0.1468861093,"remaining_time":3.619424386},
{"learn":[0.4451941727],"iteration":39,"passed_time":0.1512010415,"remaining_time":3.628824997},
{"learn":[0.4439983266],"iteration":40,"passed_time":0.154810988,"remaining_time":3.621066768},
{"learn":[0.443160228],"iteration":41,"passed_time":0.1582356856,"remaining_time":3.609280639},
{"learn":[0.442212734],"iteration":42,"passed_time":0.1622219602,"remaining_time":3.610381766},
{"learn":[0.4414816852],"iteration":43,"passed_time":0.1663803338,"remaining_time":3.61499089},
{"learn":[0.4405927821],"iteration":44,"passed_time":0.1699760497,"remaining_time":3.607269498},
{"learn":[0.4399118887],"iteration":45,"passed_time":0.1735412981,"remaining_time":3.599095617},
{"learn":[0.4391050463],"iteration":46,"passed_time":0.1770823043,"remaining_time":3.590626297},
{"learn":[0.4383936863],"iteration":47,"passed_time":0.1823437373,"remaining_time":3.616484123},
{"learn":[0.437703063],"iteration":48,"passed_time":0.1862517534,"remaining_time":3.614804439},
{"learn":[0.4370549251],"iteration":49,"passed_time":0.1903128138,"remaining_time":3.615943463},
{"learn":[0.4364932984],"iteration":50,"passed_time":0.1954057516,"remaining_time":3.636079574},
{"learn":[0.4358441255],"iteration":51,"passed_time":0.2000488452,"remaining_time":3.647044332},
{"learn":[0.4351900546],"iteration":52,"passed_time":0.2045012169,"remaining_time":3.654012309},
{"learn":[0.4346438518],"iteration":53,"passed_time":0.2088206381,"remaining_time":3.658228216},
{"learn":[0.4341840875],"iteration":54,"passed_time":0.2140366174,"remaining_time":3.677538244},
{"learn":[0.4336929816],"iteration":55,"passed_time":0.2185104105,"remaining_time":3.683461206},
{"learn":[0.4332869269],"iteration":56,"passed_time":0.2230372101,"remaining_time":3.6898963},
{"learn":[0.4329211109],"iteration":57,"passed_time":0.2291001263,"remaining_time":3.720902052},
{"learn":[0.4323562628],"iteration":58,"passed_time":0.2344167453,"remaining_time":3.738748429},
{"learn":[0.4320029982],"iteration":59,"passed_time":0.2386760982,"remaining_time":3.739258871},
{"learn":[0.4316315404],"iteration":60,"passed_time":0.2438561774,"remaining_time":3.753786075},
{"learn":[0.431349482],"iteration":61,"passed_time":0.2485263869,"remaining_time":3.759963725},
{"learn":[0.4308148224],"iteration":62,"passed_time":0.2527530151,"remaining_time":3.759199606},
{"learn":[0.4304222879],"iteration":63,"passed_time":0.2573403515,"remaining_time":3.763602641},
{"learn":[0.4300585662],"iteration":64,"passed_time":0.2621632252,"remaining_time":3.771117163},
{"learn":[0.4299630436],"iteration":65,"passed_time":0.2664155856,"remaining_time":3.770184196},
{"learn":[0.4297490574],"iteration":66,"passed_time":0.2706171857,"remaining_time":3.768445287},
{"learn":[0.4294831365],"iteration":67,"passed_time":0.2753430907,"remaining_time":3.773820008},
{"learn":[0.429380339],"iteration":68,"passed_time":0.2793682395,"remaining_time":3.769446825},
{"learn":[0.4291795723],"iteration":69,"passed_time":0.2828802725,"remaining_time":3.758266478},
{"learn":[0.4288759985],"iteration":70,"passed_time":0.286572987,"remaining_time":3.749666267},
{"learn":[0.4287254811],"iteration":71,"passed_time":0.2902797015,"remaining_time":3.74138282},
{"learn":[0.4286325201],"iteration":72,"passed_time":0.2939505844,"remaining_time":3.73276975},
{"learn":[0.4285471982],"iteration":73,"passed_time":0.2974640695,"remaining_time":3.722320654},
{"learn":[0.4282783412],"iteration":74,"passed_time":0.3012104651,"remaining_time":3.71492907},
{"learn":[0.4281914012],"iteration":75,"passed_time":0.3032008933,"remaining_time":3.686284545},
{"learn":[0.4278009153],"iteration":76,"passed_time":0.3070520086,"remaining_time":3.680636415},
{"learn":[0.4274685844],"iteration":77,"passed_time":0.310803844,"remaining_time":3.673860823},
{"learn":[0.427233636],"iteration":78,"passed_time":0.31459983,"remaining_time":3.6676765},
{"learn":[0.4270210555],"iteration":79,"passed_time":0.3185124341,"remaining_time":3.662892992},
{"learn":[0.4267513535],"iteration":80,"passed_time":0.3223212971,"remaining_time":3.656953975},
{"learn":[0.4263793786],"iteration":81,"passed_time":0.3258437958,"remaining_time":3.647861031},
{"learn":[0.4263482252],"iteration":82,"passed_time":0.3294117273,"remaining_time":3.639404264},
{"learn":[0.4259886692],"iteration":83,"passed_time":0.3331692543,"remaining_time":3.633131392},
{"learn":[0.4258349273],"iteration":84,"passed_time":0.3368447239,"remaining_time":3.626034381},
{"learn":[0.4255501331],"iteration":85,"passed_time":0.3405090022,"remaining_time":3.618898},
{"learn":[0.4253873919],"iteration":86,"passed_time":0.3442390777,"remaining_time":3.61253193},
{"learn":[0.4250326693],"iteration":87,"passed_time":0.3478351141,"remaining_time":3.604836637},
{"learn":[0.4246883953],"iteration":88,"passed_time":0.351636525,"remaining_time":3.599335666},
{"learn":[0.42445007],"iteration":89,"passed_time":0.3551380779,"remaining_time":3.590840566},
{"learn":[0.4241457021],"iteration":90,"passed_time":0.3586877882,"remaining_time":3.582936258},
{"learn":[0.4237971248],"iteration":91,"passed_time":0.3623422281,"remaining_time":3.576160251},
{"learn":[0.4237273663],"iteration":92,"passed_time":0.366146991,"remaining_time":3.570917429},
{"learn":[0.4234634962],"iteration":93,"passed_time":0.3697766463,"remaining_time":3.564017463},
{"learn":[0.4232921562],"iteration":94,"passed_time":0.3735665523,"remaining_time":3.558712946},
{"learn":[0.4228801882],"iteration":95,"passed_time":0.3771866077,"remaining_time":3.551840556},
{"learn":[0.4224690443],"iteration":96,"passed_time":0.3818841098,"remaining_time":3.555065476},
{"learn":[0.4224003231],"iteration":97,"passed_time":0.3849545616,"remaining_time":3.54315321},
{"learn":[0.4222977353],"iteration":98,"passed_time":0.3893997556,"remaining_time":3.543931109},
{"learn":[0.4221910416],"iteration":99,"passed_time":0.393410322,"remaining_time":3.540692898},
{"learn":[0.4219930778],"iteration":100,"passed_time":0.3971373194,"remaining_time":3.534915348},
{"learn":[0.4216339764],"iteration":101,"passed_time":0.4012847411,"remaining_time":3.532879387},
{"learn":[0.4212208718],"iteration":102,"passed_time":0.4053854114,"remaining_time":3.530395282},
{"learn":[0.420853193],"iteration":103,"passed_time":0.4094825657,"remaining_time":3.527849797},
{"learn":[0.4207431012],"iteration":104,"passed_time":0.4133175693,"remaining_time":3.523040234},
{"learn":[0.4205817409],"iteration":105,"passed_time":0.4177728801,"remaining_time":3.523480706},
{"learn":[0.4203625855],"iteration":106,"passed_time":0.421665478,"remaining_time":3.519133382},
{"learn":[0.4200894157],"iteration":107,"passed_time":0.4256614136,"remaining_time":3.515647972},
{"learn":[0.4200199761],"iteration":108,"passed_time":0.4293951535,"remaining_time":3.510009924},
{"learn":[0.4198906132],"iteration":109,"passed_time":0.433809934,"remaining_time":3.509916739},
{"learn":[0.419688413],"iteration":110,"passed_time":0.4376208237,"remaining_time":3.504909119},
{"learn":[0.419465177],"iteration":111,"passed_time":0.4417537524,"remaining_time":3.50247618},
{"learn":[0.4193749948],"iteration":112,"passed_time":0.4454262419,"remaining_time":3.496398907},
{"learn":[0.419132622],"iteration":113,"passed_time":0.4500554955,"remaining_time":3.497799728},
{"learn":[0.4189932246],"iteration":114,"passed_time":0.4543442543,"remaining_time":3.496475349},
{"learn":[0.4186769724],"iteration":115,"passed_time":0.4580232723,"remaining_time":3.490453213},
{"learn":[0.41852616],"iteration":116,"passed_time":0.4623318711,"remaining_time":3.489222582},
{"learn":[0.4184218949],"iteration":117,"passed_time":0.4665224581,"remaining_time":3.487057695},
{"learn":[0.4181790489],"iteration":118,"passed_time":0.471166707,"remaining_time":3.488217386},
{"learn":[0.4180147643],"iteration":119,"passed_time":0.4754440732,"remaining_time":3.48658987},
{"learn":[0.417619577],"iteration":120,"passed_time":0.4799054351,"remaining_time":3.486255186},
{"learn":[0.4171553023],"iteration":121,"passed_time":0.4845585082,"remaining_time":3.487232543},
{"learn":[0.4170190612],"iteration":122,"passed_time":0.4890445909,"remaining_time":3.486927693},
{"learn":[0.4168599631],"iteration":123,"passed_time":0.4932829929,"remaining_time":3.48480566},
{"learn":[0.4166977251],"iteration":124,"passed_time":0.4975604091,"remaining_time":3.482922864},
{"learn":[0.4165499452],"iteration":125,"passed_time":0.5018137031,"remaining_time":3.480834734},
{"learn":[0.4163851901],"iteration":126,"passed_time":0.5054702881,"remaining_time":3.47461072},
{"learn":[0.4161984784],"iteration":127,"passed_time":0.5095427478,"remaining_time":3.471259969},
{"learn":[0.4159026803],"iteration":128,"passed_time":0.5138907981,"remaining_time":3.4697588},
{"learn":[0.4157047693],"iteration":129,"passed_time":0.5179990289,"remaining_time":3.466608886},
{"learn":[0.415450065],"iteration":130,"passed_time":0.5217842247,"remaining_time":3.46130146},
{"learn":[0.4153640823],"iteration":131,"passed_time":0.5256280524,"remaining_time":3.456402648},
{"learn":[0.4152003932],"iteration":132,"passed_time":0.5299380705,"remaining_time":3.4545587},
{"learn":[0.4151417809],"iteration":133,"passed_time":0.5337807912,"remaining_time":3.449657949},
{"learn":[0.4151303416],"iteration":134,"passed_time":0.5359561965,"remaining_time":3.434089703},
{"learn":[0.4148970071],"iteration":135,"passed_time":0.540019044,"remaining_time":3.430709221},
{"learn":[0.4146729197],"iteration":136,"passed_time":0.5444780536,"remaining_time":3.429814309},
{"learn":[0.4143873976],"iteration":137,"passed_time":0.5486333147,"remaining_time":3.426970415},
{"learn":[0.4143482181],"iteration":138,"passed_time":0.5527014849,"remaining_time":3.423568191},
{"learn":[0.4139744903],"iteration":139,"passed_time":0.556614977,"remaining_time":3.419206287},
{"learn":[0.4137749487],"iteration":140,"passed_time":0.5614205981,"remaining_time":3.420285771},
{"learn":[0.4133804017],"iteration":141,"passed_time":0.5656396336,"remaining_time":3.417738068},
{"learn":[0.413185871],"iteration":142,"passed_time":0.5695293658,"remaining_time":3.413193472},
{"learn":[0.4130519873],"iteration":143,"passed_time":0.5735163105,"remaining_time":3.409235846},
{"learn":[0.4125511785],"iteration":144,"passed_time":0.5780252746,"remaining_time":3.408355929},
{"learn":[0.4123888959],"iteration":145,"passed_time":0.5823029559,"remaining_time":3.406073454},
{"learn":[0.4121737818],"iteration":146,"passed_time":0.5861440211,"remaining_time":3.401230272},
{"learn":[0.4118810448],"iteration":147,"passed_time":0.5904054596,"remaining_time":3.398820619},
{"learn":[0.4114327168],"iteration":148,"passed_time":0.5947403946,"remaining_time":3.396805878},
{"learn":[0.4112384772],"iteration":149,"passed_time":0.5987517551,"remaining_time":3.392926612},
{"learn":[0.4111799517],"iteration":150,"passed_time":0.6026359407,"remaining_time":3.388330554},
{"learn":[0.4111321446],"iteration":151,"passed_time":0.6068306122,"remaining_time":3.385476047},
{"learn":[0.4109025147],"iteration":152,"passed_time":0.6111213666,"remaining_time":3.383135931},
{"learn":[0.4107469449],"iteration":153,"passed_time":0.6149839734,"remaining_time":3.378418451},
{"learn":[0.4105929988],"iteration":154,"passed_time":0.6189300679,"remaining_time":3.374167144},
{"learn":[0.4105366037],"iteration":155,"passed_time":0.6231209644,"remaining_time":3.371244192},
{"learn":[0.4103292676],"iteration":156,"passed_time":0.6274607814,"remaining_time":3.369104705},
{"learn":[0.4100735248],"iteration":157,"passed_time":0.6313576755,"remaining_time":3.36457698},
{"learn":[0.4100382517],"iteration":158,"passed_time":0.635273481,"remaining_time":3.360157217},
{"learn":[0.4098463259],"iteration":159,"passed_time":0.6396996192,"remaining_time":3.358423001},
{"learn":[0.4097104098],"iteration":160,"passed_time":0.6442508573,"remaining_time":3.357307262},
{"learn":[0.4095038187],"iteration":161,"passed_time":0.6482149129,"remaining_time":3.35311171},
{"learn":[0.4092433799],"iteration":162,"passed_time":0.6521208612,"remaining_time":3.348620619},
{"learn":[0.4090738571],"iteration":163,"passed_time":0.6564768165,"remaining_time":3.346430601},
{"learn":[0.4089355526],"iteration":164,"passed_time":0.6604364398,"remaining_time":3.34220865},
{"learn":[0.4084985649],"iteration":165,"passed_time":0.6643563659,"remaining_time":3.337790417},
{"learn":[0.4082353177],"iteration":166,"passed_time":0.6684108145,"remaining_time":3.334049153},
{"learn":[0.408153316],"iteration":167,"passed_time":0.6727998879,"remaining_time":3.33196135},
{"learn":[0.4080154323],"iteration":168,"passed_time":0.6766881102,"remaining_time":3.327383548},
{"learn":[0.4077593896],"iteration":169,"passed_time":0.6807263198,"remaining_time":3.32354615},
{"learn":[0.4074497675],"iteration":170,"passed_time":0.6845219185,"remaining_time":3.318530237},
{"learn":[0.4071685834],"iteration":171,"passed_time":0.6890177606,"remaining_time":3.316899452},
{"learn":[0.4071343208],"iteration":172,"passed_time":0.6928482785,"remaining_time":3.312055065},
{"learn":[0.4068752907],"iteration":173,"passed_time":0.6966785385,"remaining_time":3.307221108},
{"learn":[0.4067425357],"iteration":174,"passed_time":0.700734278,"remaining_time":3.303461596},
{"learn":[0.406646359],"iteration":175,"passed_time":0.704945593,"remaining_time":3.300427095},
{"learn":[0.406401964],"iteration":176,"passed_time":0.7090975865,"remaining_time":3.297103467},
{"learn":[0.4060421998],"iteration":177,"passed_time":0.7129187029,"remaining_time":3.292242549},
{"learn":[0.4057807762],"iteration":178,"passed_time":0.7171331922,"remaining_time":3.28919749},
{"learn":[0.4056315584],"iteration":179,"passed_time":0.7214302511,"remaining_time":3.286515588},
{"learn":[0.4053748195],"iteration":180,"passed_time":0.7261845196,"remaining_time":3.285884649},
{"learn":[0.4052863888],"iteration":181,"passed_time":0.7304861431,"remaining_time":3.283173984},
{"learn":[0.4049005009],"iteration":182,"passed_time":0.7352302193,"remaining_time":3.282421252},
{"learn":[0.4046845608],"iteration":183,"passed_time":0.7400959565,"remaining_time":3.282164677},
{"learn":[0.4045881329],"iteration":184,"passed_time":0.7445214457,"remaining_time":3.279918801},
{"learn":[0.4043133663],"iteration":185,"passed_time":0.7492334907,"remaining_time":3.278903556},
{"learn":[0.4040343465],"iteration":186,"passed_time":0.7538957819,"remaining_time":3.277632464},
{"learn":[0.4038913923],"iteration":187,"passed_time":0.758323076,"remaining_time":3.275310307},
{"learn":[0.4036704661],"iteration":188,"passed_time":0.7629927831,"remaining_time":3.274006069},
{"learn":[0.4033806742],"iteration":189,"passed_time":0.7678803126,"remaining_time":3.273595017},
{"learn":[0.4032802464],"iteration":190,"passed_time":0.7724865998,"remaining_time":3.27194586},
{"learn":[0.4032053506],"iteration":191,"passed_time":0.776910708,"remaining_time":3.26949923},
{"learn":[0.4029437158],"iteration":192,"passed_time":0.7807226841,"remaining_time":3.26447257},
{"learn":[0.4026131529],"iteration":193,"passed_time":0.7852367884,"remaining_time":3.262375523},
{"learn":[0.4024269301],"iteration":194,"passed_time":0.7895218762,"remaining_time":3.259308258},
{"learn":[0.4023829287],"iteration":195,"passed_time":0.7939344006,"remaining_time":3.256751317},
{"learn":[0.402155214],"iteration":196,"passed_time":0.7984231913,"remaining_time":3.254486409},
{"learn":[0.4021045594],"iteration":197,"passed_time":0.803077702,"remaining_time":3.252870288},
{"learn":[0.4018560243],"iteration":198,"passed_time":0.8075267143,"remaining_time":3.250396473},
{"learn":[0.4016185814],"iteration":199,"passed_time":0.81203555,"remaining_time":3.2481422},
{"learn":[0.4014585405],"iteration":200,"passed_time":0.8168889083,"remaining_time":3.247235014},
{"learn":[0.4014207109],"iteration":201,"passed_time":0.8208033751,"remaining_time":3.24257967},
{"learn":[0.4012223783],"iteration":202,"passed_time":0.8250347868,"remaining_time":3.239175986},
{"learn":[0.4009455535],"iteration":203,"passed_time":0.8290402918,"remaining_time":3.234882707},
{"learn":[0.4008072874],"iteration":204,"passed_time":0.8334185027,"remaining_time":3.232037608},
{"learn":[0.4006000322],"iteration":205,"passed_time":0.8376613327,"remaining_time":3.228655816},
{"learn":[0.4003582268],"iteration":206,"passed_time":0.8414455299,"remaining_time":3.223508721},
{"learn":[0.4002266179],"iteration":207,"passed_time":0.8457077313,"remaining_time":3.220194823},
{"learn":[0.399942157],"iteration":208,"passed_time":0.8500438094,"remaining_time":3.217151451},
{"learn":[0.3995912178],"iteration":209,"passed_time":0.8541436451,"remaining_time":3.213207046},
{"learn":[0.399404056],"iteration":210,"passed_time":0.8581828639,"remaining_time":3.2090345},
{"learn":[0.3992124715],"iteration":211,"passed_time":0.8623689408,"remaining_time":3.205409082},
{"learn":[0.3990192693],"iteration":212,"passed_time":0.8667611556,"remaining_time":3.202540044},
{"learn":[0.3989437811],"iteration":213,"passed_time":0.8704921563,"remaining_time":3.1972282},
{"learn":[0.3987088977],"iteration":214,"passed_time":0.8743170727,"remaining_time":3.192273963},
{"learn":[0.3983893555],"iteration":215,"passed_time":0.8785113591,"remaining_time":3.188670859},
{"learn":[0.3982201891],"iteration":216,"passed_time":0.8822148966,"remaining_time":3.183291539},
{"learn":[0.3979721514],"iteration":217,"passed_time":0.8859205852,"remaining_time":3.17793531},
{"learn":[0.3978089855],"iteration":218,"passed_time":0.8895347212,"remaining_time":3.172267659},
{"learn":[0.3974148289],"iteration":219,"passed_time":0.8933872697,"remaining_time":3.167463956},
{"learn":[0.3971006441],"iteration":220,"passed_time":0.897290166,"remaining_time":3.162846332},
{"learn":[0.3968932053],"iteration":221,"passed_time":0.9008538029,"remaining_time":3.15704621},
{"learn":[0.3967365184],"iteration":222,"passed_time":0.9045571937,"remaining_time":3.151753092},
{"learn":[0.396506634],"iteration":223,"passed_time":0.9082230652,"remaining_time":3.14634419},
{"learn":[0.3962254558],"iteration":224,"passed_time":0.912338259,"remaining_time":3.142498448},
{"learn":[0.3960880813],"iteration":225,"passed_time":0.9161045357,"remaining_time":3.137455357},
{"learn":[0.3959725296],"iteration":226,"passed_time":0.9197645288,"remaining_time":3.132061589},
{"learn":[0.395875298],"iteration":227,"passed_time":0.9233980191,"remaining_time":3.126593293},
{"learn":[0.3956783741],"iteration":228,"passed_time":0.9273410766,"remaining_time":3.122183275},
{"learn":[0.3955050287],"iteration":229,"passed_time":0.9312433911,"remaining_time":3.117640918},
{"learn":[0.3953273302],"iteration":230,"passed_time":0.9350396856,"remaining_time":3.112751161},
{"learn":[0.3952783899],"iteration":231,"passed_time":0.9386073792,"remaining_time":3.107114083},
{"learn":[0.3951822438],"iteration":232,"passed_time":0.9422423609,"remaining_time":3.10171627},
{"learn":[0.3950420686],"iteration":233,"passed_time":0.9459130871,"remaining_time":3.096450533},
{"learn":[0.39489035],"iteration":234,"passed_time":0.949630708,"remaining_time":3.091351028},
{"learn":[0.3948672415],"iteration":235,"passed_time":0.9533578521,"remaining_time":3.086294063},
{"learn":[0.3946789495],"iteration":236,"passed_time":0.9578585077,"remaining_time":3.083738571},
{"learn":[0.3944292814],"iteration":237,"passed_time":0.9618477281,"remaining_time":3.079529281},
{"learn":[0.393963308],"iteration":238,"passed_time":0.9657812124,"remaining_time":3.075144363},
{"learn":[0.3938589819],"iteration":239,"passed_time":0.9696744939,"remaining_time":3.070635897},
{"learn":[0.393601444],"iteration":240,"passed_time":0.9737392531,"remaining_time":3.066672586},
{"learn":[0.3934985559],"iteration":241,"passed_time":0.9773614963,"remaining_time":3.061322373},
{"learn":[0.3934254894],"iteration":242,"passed_time":0.9811991745,"remaining_time":3.056657511},
{"learn":[0.3932727017],"iteration":243,"passed_time":0.9850383054,"remaining_time":3.05200393},
{"learn":[0.3928471907],"iteration":244,"passed_time":0.9888013567,"remaining_time":3.047122548},
{"learn":[0.392699195],"iteration":245,"passed_time":0.9926870577,"remaining_time":3.042626185},
{"learn":[0.3924705265],"iteration":246,"passed_time":0.9964761296,"remaining_time":3.037840185},
{"learn":[0.3923860527],"iteration":247,"passed_time":1.000442453,"remaining_time":3.033599696},
{"learn":[0.3922320156],"iteration":248,"passed_time":1.00441995,"remaining_time":3.029395111},
{"learn":[0.3918423561],"iteration":249,"passed_time":1.008431002,"remaining_time":3.025293007},
{"learn":[0.3916285513],"iteration":250,"passed_time":1.012291445,"remaining_time":3.020742201},
{"learn":[0.391551258],"iteration":251,"passed_time":1.016148813,"remaining_time":3.016187746},
{"learn":[0.3915466788],"iteration":252,"passed_time":1.018469462,"remaining_time":3.007101535},
{"learn":[0.3914284341],"iteration":253,"passed_time":1.022040502,"remaining_time":3.001741001},
{"learn":[0.3913046099],"iteration":254,"passed_time":1.025794843,"remaining_time":2.996930033},
{"learn":[0.3911293237],"iteration":255,"passed_time":1.029714758,"remaining_time":2.992608517},
{"learn":[0.3910179357],"iteration":256,"passed_time":1.033394016,"remaining_time":2.987594374},
{"learn":[0.3909264615],"iteration":257,"passed_time":1.03702914,"remaining_time":2.982463652},
{"learn":[0.3908886301],"iteration":258,"passed_time":1.040850199,"remaining_time":2.977876438},
{"learn":[0.390816883],"iteration":259,"passed_time":1.04477833,"remaining_time":2.973599863},
{"learn":[0.3905642612],"iteration":260,"passed_time":1.048899603,"remaining_time":2.969872822},
{"learn":[0.3902971655],"iteration":261,"passed_time":1.05269215,"remaining_time":2.96521682},
{"learn":[0.3900304411],"iteration":262,"passed_time":1.056652121,"remaining_time":2.961036553},
{"learn":[0.3899818427],"iteration":263,"passed_time":1.060480363,"remaining_time":2.956490708},
{"learn":[0.3897104234],"iteration":264,"passed_time":1.064144535,"remaining_time":2.951495219},
{"learn":[0.3895174242],"iteration":265,"passed_time":1.06798969,"remaining_time":2.947009146},
{"learn":[0.3893850335],"iteration":266,"passed_time":1.071728284,"remaining_time":2.942235326},
{"learn":[0.3891093557],"iteration":267,"passed_time":1.075637459,"remaining_time":2.93793515},
{"learn":[0.3889004526],"iteration":268,"passed_time":1.079466158,"remaining_time":2.933419188},
{"learn":[0.3885468581],"iteration":269,"passed_time":1.083251167,"remaining_time":2.928790193},
{"learn":[0.388239032],"iteration":270,"passed_time":1.087324595,"remaining_time":2.924943282},
{"learn":[0.3880043349],"iteration":271,"passed_time":1.091265057,"remaining_time":2.920738829},
{"learn":[0.3878508884],"iteration":272,"passed_time":1.095107481,"remaining_time":2.916275233},
{"learn":[0.3874876824],"iteration":273,"passed_time":1.09882341,"remaining_time":2.911481005},
{"learn":[0.3874102969],"iteration":274,"passed_time":1.102592826,"remaining_time":2.906835631},
{"learn":[0.3872454501],"iteration":275,"passed_time":1.106440962,"remaining_time":2.902403102},
{"learn":[0.3871267335],"iteration":276,"passed_time":1.110280004,"remaining_time":2.897951056},
{"learn":[0.3869271406],"iteration":277,"passed_time":1.114368557,"remaining_time":2.894151431},
{"learn":[0.3868473666],"iteration":278,"passed_time":1.118046267,"remaining_time":2.889288023},
{"learn":[0.3867282271],"iteration":279,"passed_time":1.122476737,"remaining_time":2.886368753},
{"learn":[0.3865177512],"iteration":280,"passed_time":1.126537381,"remaining_time":2.882492443},
{"learn":[0.3863077229],"iteration":281,"passed_time":1.130204951,"remaining_time":2.877614025},
{"learn":[0.3861331876],"iteration":282,"passed_time":1.133920188,"remaining_time":2.872864929},
{"learn":[0.3859974193],"iteration":283,"passed_time":1.137813164,"remaining_time":2.868571215},
{"learn":[0.3858893705],"iteration":284,"passed_time":1.141908518,"remaining_time":2.864788038},
{"learn":[0.3857047032],"iteration":285,"passed_time":1.145787234,"remaining_time":2.860461837},
{"learn":[0.3854931656],"iteration":286,"passed_time":1.149600158,"remaining_time":2.855975305},
{"learn":[0.3852956798],"iteration":287,"passed_time":1.15337582,"remaining_time":2.851401334},
{"learn":[0.3851598908],"iteration":288,"passed_time":1.157062513,"remaining_time":2.846614002},
{"learn":[0.3850737568],"iteration":289,"passed_time":1.160994857,"remaining_time":2.842435685},
{"learn":[0.3849425021],"iteration":290,"passed_time":1.165027626,"remaining_time":2.838503736},
{"learn":[0.3847815717],"iteration":291,"passed_time":1.169333268,"remaining_time":2.835232719},
{"learn":[0.3846490159],"iteration":292,"passed_time":1.17376261,"remaining_time":2.832253124},
{"learn":[0.3845224215],"iteration":293,"passed_time":1.178134845,"remaining_time":2.829126533},
{"learn":[0.3841415456],"iteration":294,"passed_time":1.182548112,"remaining_time":2.826089557},
{"learn":[0.3839582805],"iteration":295,"passed_time":1.186781646,"remaining_time":2.822615806},
{"learn":[0.3838565982],"iteration":296,"passed_time":1.19042027,"remaining_time":2.817728787},
{"learn":[0.3836525559],"iteration":297,"passed_time":1.19452619,"remaining_time":2.813950959},
{"learn":[0.3835406116],"iteration":298,"passed_time":1.198971421,"remaining_time":2.810966441},
{"learn":[0.3833686166],"iteration":299,"passed_time":1.204609313,"remaining_time":2.810755065},
{"learn":[0.3833652059],"iteration":300,"passed_time":1.207180886,"remaining_time":2.803386842},
{"learn":[0.3832774836],"iteration":301,"passed_time":1.211293791,"remaining_time":2.799612801},
{"learn":[0.3831330153],"iteration":302,"passed_time":1.215836464,"remaining_time":2.796825133},
{"learn":[0.3828426611],"iteration":303,"passed_time":1.220308577,"remaining_time":2.793864373},
{"learn":[0.3826030031],"iteration":304,"passed_time":1.225639439,"remaining_time":2.792850524},
{"learn":[0.3824134807],"iteration":305,"passed_time":1.229746502,"remaining_time":2.789032917},
{"learn":[0.382102686],"iteration":306,"passed_time":1.235345511,"remaining_time":2.788581235},
{"learn":[0.3817491848],"iteration":307,"passed_time":1.239484665,"remaining_time":2.784816195},
{"learn":[0.3814939809],"iteration":308,"passed_time":1.243585002,"remaining_time":2.780961929},
{"learn":[0.3813569843],"iteration":309,"passed_time":1.248165724,"remaining_time":2.77817532},
{"learn":[0.3810935208],"iteration":310,"passed_time":1.253156436,"remaining_time":2.77628548},
{"learn":[0.3810245149],"iteration":311,"passed_time":1.257131524,"remaining_time":2.772136181},
{"learn":[0.3808576871],"iteration":312,"passed_time":1.261676953,"remaining_time":2.76923983},
{"learn":[0.3806514184],"iteration":313,"passed_time":1.267857049,"remaining_time":2.769904253},
{"learn":[0.380531686],"iteration":314,"passed_time":1.272484995,"remaining_time":2.767149909},
{"learn":[0.3804927635],"iteration":315,"passed_time":1.27701225,"remaining_time":2.764165757},
{"learn":[0.380357933],"iteration":316,"passed_time":1.283081146,"remaining_time":2.764493446},
{"learn":[0.3802467121],"iteration":317,"passed_time":1.287816886,"remaining_time":2.761921749},
{"learn":[0.3801929942],"iteration":318,"passed_time":1.292284101,"remaining_time":2.758763237},
{"learn":[0.3800989651],"iteration":319,"passed_time":1.298464701,"remaining_time":2.75923749},
{"learn":[0.3800119179],"iteration":320,"passed_time":1.303182126,"remaining_time":2.756575276},
{"learn":[0.3798673503],"iteration":321,"passed_time":1.307748033,"remaining_time":2.753581262},
{"learn":[0.3796935562],"iteration":322,"passed_time":1.313229472,"remaining_time":2.752496448},
{"learn":[0.3795238983],"iteration":323,"passed_time":1.318476888,"remaining_time":2.750896224},
{"learn":[0.3793544857],"iteration":324,"passed_time":1.323061803,"remaining_time":2.747897591},
{"learn":[0.3792423867],"iteration":325,"passed_time":1.327512642,"remaining_time":2.744612026},
{"learn":[0.379003372],"iteration":326,"passed_time":1.332047705,"remaining_time":2.741492677},
{"learn":[0.378889702],"iteration":327,"passed_time":1.336451038,"remaining_time":2.73809481},
{"learn":[0.3787186034],"iteration":328,"passed_time":1.341139279,"remaining_time":2.735271903},
{"learn":[0.378511732],"iteration":329,"passed_time":1.347055121,"remaining_time":2.734930093},
{"learn":[0.3781832194],"iteration":330,"passed_time":1.352341472,"remaining_time":2.73328231},
{"learn":[0.3780334594],"iteration":331,"passed_time":1.356450193,"remaining_time":2.72924316},
{"learn":[0.3778928093],"iteration":332,"passed_time":1.361680383,"remaining_time":2.727449896},
{"learn":[0.3777776606],"iteration":333,"passed_time":1.366115211,"remaining_time":2.724050092},
{"learn":[0.3777076611],"iteration":334,"passed_time":1.370087349,"remaining_time":2.719725634},
{"learn":[0.3775577256],"iteration":335,"passed_time":1.374729901,"remaining_time":2.716728138},
{"learn":[0.37750673],"iteration":336,"passed_time":1.378617674,"remaining_time":2.712235958},
{"learn":[0.3771829623],"iteration":337,"passed_time":1.382575343,"remaining_time":2.707884251},
{"learn":[0.3768477227],"iteration":338,"passed_time":1.386817888,"remaining_time":2.704090336},
{"learn":[0.3768077082],"iteration":339,"passed_time":1.390885276,"remaining_time":2.699953771},
{"learn":[0.3763329597],"iteration":340,"passed_time":1.394928331,"remaining_time":2.695770586},
{"learn":[0.376130035],"iteration":341,"passed_time":1.399005045,"remaining_time":2.691652981},
{"learn":[0.3760603001],"iteration":342,"passed_time":1.402619853,"remaining_time":2.686650855},
{"learn":[0.3760576696],"iteration":343,"passed_time":1.405153688,"remaining_time":2.679595405},
{"learn":[0.3758963335],"iteration":344,"passed_time":1.409175825,"remaining_time":2.675391784},
{"learn":[0.375740557],"iteration":345,"passed_time":1.41330661,"remaining_time":2.671394575},
{"learn":[0.3755311721],"iteration":346,"passed_time":1.417122115,"remaining_time":2.666803288},
{"learn":[0.3753601458],"iteration":347,"passed_time":1.42145832,"remaining_time":2.663192025},
{"learn":[0.3752959356],"iteration":348,"passed_time":1.425348899,"remaining_time":2.658745368},
{"learn":[0.3752657938],"iteration":349,"passed_time":1.429196115,"remaining_time":2.654221356},
{"learn":[0.3751373998],"iteration":350,"passed_time":1.433160247,"remaining_time":2.649917381},
{"learn":[0.3750436456],"iteration":351,"passed_time":1.437221683,"remaining_time":2.645794462},
{"learn":[0.374985964],"iteration":352,"passed_time":1.440791498,"remaining_time":2.64077082},
{"learn":[0.3749581215],"iteration":353,"passed_time":1.44449385,"remaining_time":2.635997252},
{"learn":[0.37479027],"iteration":354,"passed_time":1.448671023,"remaining_time":2.632092422},
{"learn":[0.3747386361],"iteration":355,"passed_time":1.452585099,"remaining_time":2.627710122},
{"learn":[0.374501616],"iteration":356,"passed_time":1.457179253,"remaining_time":2.62455535},
{"learn":[0.3743245686],"iteration":357,"passed_time":1.461674153,"remaining_time":2.621214542},
{"learn":[0.3740740665],"iteration":358,"passed_time":1.465821644,"remaining_time":2.617247002},
{"learn":[0.3739576812],"iteration":359,"passed_time":1.469918953,"remaining_time":2.613189249},
{"learn":[0.3738375589],"iteration":360,"passed_time":1.474671447,"remaining_time":2.610291011},
{"learn":[0.3737000763],"iteration":361,"passed_time":1.478668362,"remaining_time":2.60605087},
{"learn":[0.3736047025],"iteration":362,"passed_time":1.482589601,"remaining_time":2.601679272},
{"learn":[0.3735018676],"iteration":363,"passed_time":1.486904502,"remaining_time":2.597997976},
{"learn":[0.3733950305],"iteration":364,"passed_time":1.491493515,"remaining_time":2.594790089},
{"learn":[0.3733371654],"iteration":365,"passed_time":1.495535743,"remaining_time":2.590627489},
{"learn":[0.3731179659],"iteration":366,"passed_time":1.499692703,"remaining_time":2.586663436},
{"learn":[0.373115303],"iteration":367,"passed_time":1.503900115,"remaining_time":2.582784979},
{"learn":[0.372965252],"iteration":368,"passed_time":1.508370628,"remaining_time":2.579354651},
{"learn":[0.3728705598],"iteration":369,"passed_time":1.512839662,"remaining_time":2.575916181},
{"learn":[0.3727859641],"iteration":370,"passed_time":1.516631163,"remaining_time":2.571323454},
{"learn":[0.3726293679],"iteration":371,"passed_time":1.521344691,"remaining_time":2.568291575},
{"learn":[0.3725035455],"iteration":372,"passed_time":1.525625075,"remaining_time":2.56452258},
{"learn":[0.3723290058],"iteration":373,"passed_time":1.52956362,"remaining_time":2.560178679},
{"learn":[0.3720832607],"iteration":374,"passed_time":1.533478888,"remaining_time":2.555798146},
{"learn":[0.371912326],"iteration":375,"passed_time":1.5384755,"remaining_time":2.553214659},
{"learn":[0.3717049429],"iteration":376,"passed_time":1.542835762,"remaining_time":2.54956679},
{"learn":[0.3715236232],"iteration":377,"passed_time":1.546683954,"remaining_time":2.545072539},
{"learn":[0.3714087922],"iteration":378,"passed_time":1.550948923,"remaining_time":2.541264595},
{"learn":[0.3712936611],"iteration":379,"passed_time":1.555253265,"remaining_time":2.537518486},
{"learn":[0.3711716871],"iteration":380,"passed_time":1.559307611,"remaining_time":2.533363284},
{"learn":[0.3709790869],"iteration":381,"passed_time":1.563341736,"remaining_time":2.529175897},
{"learn":[0.3707975482],"iteration":382,"passed_time":1.567835153,"remaining_time":2.525729215},
{"learn":[0.3707364417],"iteration":383,"passed_time":1.571956092,"remaining_time":2.521679564},
{"learn":[0.3706400944],"iteration":384,"passed_time":1.576223392,"remaining_time":2.517863341},
{"learn":[0.3703207775],"iteration":385,"passed_time":1.580465831,"remaining_time":2.514005234},
{"learn":[0.3702367396],"iteration":386,"passed_time":1.585212864,"remaining_time":2.510944407},
{"learn":[0.3701357042],"iteration":387,"passed_time":1.589269167,"remaining_time":2.506785387},
{"learn":[0.3700695326],"iteration":388,"passed_time":1.593513579,"remaining_time":2.502922357},
{"learn":[0.3698901037],"iteration":389,"passed_time":1.597660844,"remaining_time":2.498905423},
{"learn":[0.3698198269],"iteration":390,"passed_time":1.602283106,"remaining_time":2.49562765},
{"learn":[0.3696947787],"iteration":391,"passed_time":1.606471578,"remaining_time":2.491670203},
{"learn":[0.3695630882],"iteration":392,"passed_time":1.610389587,"remaining_time":2.487293841},
{"learn":[0.3692774343],"iteration":393,"passed_time":1.615010248,"remaining_time":2.484000534},
{"learn":[0.3691541027],"iteration":394,"passed_time":1.619490673,"remaining_time":2.480485715},
{"learn":[0.3690589923],"iteration":395,"passed_time":1.623598366,"remaining_time":2.476397507},
{"learn":[0.3689134946],"iteration":396,"passed_time":1.62773228,"remaining_time":2.47234903},
{"learn":[0.3687580652],"iteration":397,"passed_time":1.632448774,"remaining_time":2.469181311},
{"learn":[0.3686261824],"iteration":398,"passed_time":1.636666091,"remaining_time":2.465253936},
{"learn":[0.3684479506],"iteration":399,"passed_time":1.640658715,"remaining_time":2.460988073},
{"learn":[0.3681777667],"iteration":400,"passed_time":1.645107692,"remaining_time":2.457405256},
{"learn":[0.3679519936],"iteration":401,"passed_time":1.649673696,"remaining_time":2.453992214},
{"learn":[0.3677619489],"iteration":402,"passed_time":1.653766283,"remaining_time":2.449872136},
{"learn":[0.3675316004],"iteration":403,"passed_time":1.657917582,"remaining_time":2.445838808},
{"learn":[0.3673456381],"iteration":404,"passed_time":1.662029318,"remaining_time":2.441746775},
{"learn":[0.3672433958],"iteration":405,"passed_time":1.666009492,"remaining_time":2.437462163},
{"learn":[0.3671181754],"iteration":406,"passed_time":1.669954541,"remaining_time":2.433127869},
{"learn":[0.3668901736],"iteration":407,"passed_time":1.674400048,"remaining_time":2.429521638},
{"learn":[0.3667249449],"iteration":408,"passed_time":1.678756721,"remaining_time":2.425782939},
{"learn":[0.3666800765],"iteration":409,"passed_time":1.68276221,"remaining_time":2.421535863},
{"learn":[0.366566699],"iteration":410,"passed_time":1.686822791,"remaining_time":2.417368914},
{"learn":[0.3663746819],"iteration":411,"passed_time":1.690770262,"remaining_time":2.413041053},
{"learn":[0.366320989],"iteration":412,"passed_time":1.694813088,"remaining_time":2.408850563},
{"learn":[0.3662234838],"iteration":413,"passed_time":1.69867533,"remaining_time":2.404405177},
{"learn":[0.3660224904],"iteration":414,"passed_time":1.702530567,"remaining_time":2.399952727},
{"learn":[0.3659111019],"iteration":415,"passed_time":1.70664414,"remaining_time":2.395865812},
{"learn":[0.3658377785],"iteration":416,"passed_time":1.710662943,"remaining_time":2.391646273},
{"learn":[0.3656869672],"iteration":417,"passed_time":1.714778134,"remaining_time":2.3875619},
{"learn":[0.3655075672],"iteration":418,"passed_time":1.718535523,"remaining_time":2.382981238},
{"learn":[0.3653916117],"iteration":419,"passed_time":1.722441554,"remaining_time":2.378609765},
{"learn":[0.3651651331],"iteration":420,"passed_time":1.726584629,"remaining_time":2.374566509},
{"learn":[0.3651086573],"iteration":421,"passed_time":1.730467759,"remaining_time":2.370166741},
{"learn":[0.3648871747],"iteration":422,"passed_time":1.73418376,"remaining_time":2.365541442},
{"learn":[0.3648058309],"iteration":423,"passed_time":1.738033515,"remaining_time":2.361102133},
{"learn":[0.3646219149],"iteration":424,"passed_time":1.742464567,"remaining_time":2.357452061},
{"learn":[0.3645398845],"iteration":425,"passed_time":1.746801911,"remaining_time":2.353672059},
{"learn":[0.3644636138],"iteration":426,"passed_time":1.751129406,"remaining_time":2.349876229},
{"learn":[0.3643349541],"iteration":427,"passed_time":1.754921552,"remaining_time":2.345362449},
{"learn":[0.3641559106],"iteration":428,"passed_time":1.759654702,"remaining_time":2.34210451},
{"learn":[0.3639547869],"iteration":429,"passed_time":1.764424142,"remaining_time":2.338887816},
{"learn":[0.3638301994],"iteration":430,"passed_time":1.7681047,"remaining_time":2.33422639},
{"learn":[0.3637759911],"iteration":431,"passed_time":1.771719789,"remaining_time":2.329483426},
{"learn":[0.3636230567],"iteration":432,"passed_time":1.77662798,"remaining_time":2.326438949},
{"learn":[0.3634143308],"iteration":433,"passed_time":1.78070317,"remaining_time":2.322299525},
{"learn":[0.3632884686],"iteration":434,"passed_time":1.784602074,"remaining_time":2.31793143},
{"learn":[0.3632266617],"iteration":435,"passed_time":1.788327312,"remaining_time":2.313340834},
{"learn":[0.3631367668],"iteration":436,"passed_time":1.793893218,"remaining_time":2.311125587},
{"learn":[0.3629270591],"iteration":437,"passed_time":1.798862876,"remaining_time":2.308129991},
{"learn":[0.3628211898],"iteration":438,"passed_time":1.803509718,"remaining_time":2.304712874},
{"learn":[0.3626403195],"iteration":439,"passed_time":1.809089094,"remaining_time":2.302477028},
{"learn":[0.362533881],"iteration":440,"passed_time":1.814771128,"remaining_time":2.300356146},
{"learn":[0.3623971068],"iteration":441,"passed_time":1.820784705,"remaining_time":2.298637705},
{"learn":[0.3622447401],"iteration":442,"passed_time":1.827337548,"remaining_time":2.29757791},
{"learn":[0.3621281644],"iteration":443,"passed_time":1.83285652,"remaining_time":2.295198705},
{"learn":[0.3619550132],"iteration":444,"passed_time":1.839240497,"remaining_time":2.293884215},
{"learn":[0.361847535],"iteration":445,"passed_time":1.844294743,"remaining_time":2.290895263},
{"learn":[0.361799099],"iteration":446,"passed_time":1.848892783,"remaining_time":2.287332683},
{"learn":[0.3616637166],"iteration":447,"passed_time":1.853887577,"remaining_time":2.284254337},
{"learn":[0.36144998],"iteration":448,"passed_time":1.859612062,"remaining_time":2.282062909},
{"learn":[0.3614001228],"iteration":449,"passed_time":1.864129004,"remaining_time":2.278379894},
{"learn":[0.3613427207],"iteration":450,"passed_time":1.868611352,"remaining_time":2.27465107},
{"learn":[0.3613320817],"iteration":451,"passed_time":1.873429709,"remaining_time":2.271326284},
{"learn":[0.3612825887],"iteration":452,"passed_time":1.877552071,"remaining_time":2.267154488},
{"learn":[0.361168511],"iteration":453,"passed_time":1.881527502,"remaining_time":2.262806202},
{"learn":[0.3609813524],"iteration":454,"passed_time":1.885738486,"remaining_time":2.258741703},
{"learn":[0.3608033053],"iteration":455,"passed_time":1.890671185,"remaining_time":2.255537554},
{"learn":[0.3607254659],"iteration":456,"passed_time":1.894651923,"remaining_time":2.251194736},
{"learn":[0.3606313081],"iteration":457,"passed_time":1.898739047,"remaining_time":2.246979396},
{"learn":[0.3604810756],"iteration":458,"passed_time":1.903282001,"remaining_time":2.243301879},
{"learn":[0.3603938166],"iteration":459,"passed_time":1.907845682,"remaining_time":2.239644931},
{"learn":[0.3602787159],"iteration":460,"passed_time":1.911944121,"remaining_time":2.23544009},
{"learn":[0.3600580927],"iteration":461,"passed_time":1.916072741,"remaining_time":2.231270854},
{"learn":[0.3600079435],"iteration":462,"passed_time":1.92125585,"remaining_time":2.22832482},
{"learn":[0.3598422797],"iteration":463,"passed_time":1.925048164,"remaining_time":2.223762534},
{"learn":[0.3597694465],"iteration":464,"passed_time":1.928905384,"remaining_time":2.219278238},
{"learn":[0.3596746549],"iteration":465,"passed_time":1.933099923,"remaining_time":2.215183174},
{"learn":[0.3595679855],"iteration":466,"passed_time":1.93838411,"remaining_time":2.212331329},
{"learn":[0.3594503617],"iteration":467,"passed_time":1.942393223,"remaining_time":2.208019647},
{"learn":[0.3592559375],"iteration":468,"passed_time":1.94629748,"remaining_time":2.203590537},
{"learn":[0.3591299004],"iteration":469,"passed_time":1.950943425,"remaining_time":2.200000033},
{"learn":[0.359077832],"iteration":470,"passed_time":1.955420677,"remaining_time":2.19621558},
{"learn":[0.3589597198],"iteration":471,"passed_time":1.959359158,"remaining_time":2.191825499},
{"learn":[0.358818063],"iteration":472,"passed_time":1.96339521,"remaining_time":2.187546037},
{"learn":[0.3587410072],"iteration":473,"passed_time":1.968322546,"remaining_time":2.184256665},
{"learn":[0.3584792051],"iteration":474,"passed_time":1.972529316,"remaining_time":2.180163981},
{"learn":[0.3581336421],"iteration":475,"passed_time":1.976725326,"remaining_time":2.176058972},
{"learn":[0.3577475945],"iteration":476,"passed_time":1.981029158,"remaining_time":2.172071802},
{"learn":[0.3576792503],"iteration":477,"passed_time":1.985021556,"remaining_time":2.167743206},
{"learn":[0.3576116833],"iteration":478,"passed_time":1.988948866,"remaining_time":2.163345217},
{"learn":[0.3576009411],"iteration":479,"passed_time":1.992443432,"remaining_time":2.158480385},
{"learn":[0.3575307925],"iteration":480,"passed_time":1.996701226,"remaining_time":2.154444774},
{"learn":[0.3572208573],"iteration":481,"passed_time":2.000542561,"remaining_time":2.149960678},
{"learn":[0.3571783948],"iteration":482,"passed_time":2.004483261,"remaining_time":2.145585602},
{"learn":[0.3570368141],"iteration":483,"passed_time":2.008637268,"remaining_time":2.141439732},
{"learn":[0.3569151801],"iteration":484,"passed_time":2.012723954,"remaining_time":2.137222343},
{"learn":[0.356771472],"iteration":485,"passed_time":2.01683663,"remaining_time":2.133032979},
{"learn":[0.3566694722],"iteration":486,"passed_time":2.020872245,"remaining_time":2.128762755},
{"learn":[0.3565674854],"iteration":487,"passed_time":2.024532522,"remaining_time":2.124099696},
{"learn":[0.3564632661],"iteration":488,"passed_time":2.028771389,"remaining_time":2.120045357},
{"learn":[0.3563580607],"iteration":489,"passed_time":2.032716322,"remaining_time":2.115684335},
{"learn":[0.3562277751],"iteration":490,"passed_time":2.036667685,"remaining_time":2.111331673},
{"learn":[0.3559602024],"iteration":491,"passed_time":2.04065819,"remaining_time":2.107021058},
{"learn":[0.3558350782],"iteration":492,"passed_time":2.044758725,"remaining_time":2.102824895},
{"learn":[0.3557229121],"iteration":493,"passed_time":2.048850304,"remaining_time":2.098619947},
{"learn":[0.3554939544],"iteration":494,"passed_time":2.052823219,"remaining_time":2.094294395},
{"learn":[0.3551606627],"iteration":495,"passed_time":2.05695885,"remaining_time":2.090135606},
{"learn":[0.354968459],"iteration":496,"passed_time":2.060822412,"remaining_time":2.085701555},
{"learn":[0.3548356225],"iteration":497,"passed_time":2.064750255,"remaining_time":2.081334595},
{"learn":[0.3546903533],"iteration":498,"passed_time":2.068666787,"remaining_time":2.076958036},
{"learn":[0.3545673405],"iteration":499,"passed_time":2.07269219,"remaining_time":2.07269219},
{"learn":[0.3544282916],"iteration":500,"passed_time":2.07716364,"remaining_time":2.068871569},
{"learn":[0.3542793992],"iteration":501,"passed_time":2.081302287,"remaining_time":2.064718205},
{"learn":[0.3542094628],"iteration":502,"passed_time":2.085198376,"remaining_time":2.060325234},
{"learn":[0.3541005168],"iteration":503,"passed_time":2.089114825,"remaining_time":2.055954272},
{"learn":[0.3539711857],"iteration":504,"passed_time":2.092950688,"remaining_time":2.05150612},
{"learn":[0.3537971318],"iteration":505,"passed_time":2.0970742,"remaining_time":2.047341215},
{"learn":[0.3536484435],"iteration":506,"passed_time":2.101113569,"remaining_time":2.043094654},
{"learn":[0.3535394307],"iteration":507,"passed_time":2.105037121,"remaining_time":2.038736739},
{"learn":[0.3534369547],"iteration":508,"passed_time":2.108916639,"remaining_time":2.034338055},
{"learn":[0.3533501239],"iteration":509,"passed_time":2.112874424,"remaining_time":2.030016604},
{"learn":[0.3532233376],"iteration":510,"passed_time":2.116554218,"remaining_time":2.025430553},
{"learn":[0.3530707736],"iteration":511,"passed_time":2.120441206,"remaining_time":2.021045524},
{"learn":[0.3528394123],"iteration":512,"passed_time":2.124512142,"remaining_time":2.016837063},
{"learn":[0.3527974559],"iteration":513,"passed_time":2.128402661,"remaining_time":2.012458548},
{"learn":[0.3527395184],"iteration":514,"passed_time":2.132150038,"remaining_time":2.007947124},
{"learn":[0.3526587443],"iteration":515,"passed_time":2.136003776,"remaining_time":2.003538426},
{"learn":[0.3525375258],"iteration":516,"passed_time":2.139931891,"remaining_time":1.999201361},
{"learn":[0.3523900447],"iteration":517,"passed_time":2.144019514,"remaining_time":1.995014297},
{"learn":[0.3523484915],"iteration":518,"passed_time":2.147835399,"remaining_time":1.990575774},
{"learn":[0.3522353851],"iteration":519,"passed_time":2.152242026,"remaining_time":1.986684947},
{"learn":[0.3521286181],"iteration":520,"passed_time":2.15671879,"remaining_time":1.982856623},
{"learn":[0.352011842],"iteration":521,"passed_time":2.161289153,"remaining_time":1.979111524},
{"learn":[0.3518870099],"iteration":522,"passed_time":2.165702845,"remaining_time":1.975220377},
{"learn":[0.3517912905],"iteration":523,"passed_time":2.170165519,"remaining_time":1.971371731},
{"learn":[0.3516278567],"iteration":524,"passed_time":2.174772996,"remaining_time":1.967651759},
{"learn":[0.3515371762],"iteration":525,"passed_time":2.179580194,"remaining_time":1.964108388},
{"learn":[0.3513503859],"iteration":526,"passed_time":2.183990492,"remaining_time":1.96020399},
{"learn":[0.3512489888],"iteration":527,"passed_time":2.188463864,"remaining_time":1.95635406},
{"learn":[0.3511022904],"iteration":528,"passed_time":2.193848807,"remaining_time":1.953313399},
{"learn":[0.3509634577],"iteration":529,"passed_time":2.198526618,"remaining_time":1.949636812},
{"learn":[0.3508881807],"iteration":530,"passed_time":2.203006774,"remaining_time":1.945781878},
{"learn":[0.3507475345],"iteration":531,"passed_time":2.208501185,"remaining_time":1.942816832},
{"learn":[0.3506047742],"iteration":532,"passed_time":2.212994526,"remaining_time":1.938965185},
{"learn":[0.3505702349],"iteration":533,"passed_time":2.217159306,"remaining_time":1.934824413},
{"learn":[0.350446892],"iteration":534,"passed_time":2.222117963,"remaining_time":1.931373557},
{"learn":[0.3504197972],"iteration":535,"passed_time":2.226473792,"remaining_time":1.927395223},
{"learn":[0.3503332495],"iteration":536,"passed_time":2.230685614,"remaining_time":1.923291321},
{"learn":[0.3502265659],"iteration":537,"passed_time":2.234630703,"remaining_time":1.918957965},
{"learn":[0.3502242547],"iteration":538,"passed_time":2.239315958,"remaining_time":1.915259103},
{"learn":[0.349998361],"iteration":539,"passed_time":2.243705211,"remaining_time":1.911304439},
{"learn":[0.3497157499],"iteration":540,"passed_time":2.247902955,"remaining_time":1.907185686},
{"learn":[0.3496261098],"iteration":541,"passed_time":2.251837429,"remaining_time":1.902844174},
{"learn":[0.3494488894],"iteration":542,"passed_time":2.257199725,"remaining_time":1.899705846},
{"learn":[0.3493211027],"iteration":543,"passed_time":2.261293001,"remaining_time":1.895495604},
{"learn":[0.3491513217],"iteration":544,"passed_time":2.265214673,"remaining_time":1.891142525},
{"learn":[0.3490935198],"iteration":545,"passed_time":2.269729299,"remaining_time":1.887284069},
{"learn":[0.3490121166],"iteration":546,"passed_time":2.274693009,"remaining_time":1.883795125},
{"learn":[0.3488814832],"iteration":547,"passed_time":2.27862047,"remaining_time":1.879446081},
{"learn":[0.3487415144],"iteration":548,"passed_time":2.282652941,"remaining_time":1.875184839},
{"learn":[0.3486773387],"iteration":549,"passed_time":2.28762221,"remaining_time":1.871690899},
{"learn":[0.3485814635],"iteration":550,"passed_time":2.291834647,"remaining_time":1.867574876},
{"learn":[0.3483851041],"iteration":551,"passed_time":2.296070753,"remaining_time":1.863477713},
{"learn":[0.348383441],"iteration":552,"passed_time":2.29967708,"remaining_time":1.858870985},
{"learn":[0.3483193649],"iteration":553,"passed_time":2.304959013,"remaining_time":1.855616822},
{"learn":[0.3482619562],"iteration":554,"passed_time":2.308831893,"remaining_time":1.851225572},
{"learn":[0.3481289275],"iteration":555,"passed_time":2.312771521,"remaining_time":1.846889488},
{"learn":[0.3480134173],"iteration":556,"passed_time":2.31690863,"remaining_time":1.842711891},
{"learn":[0.3478729287],"iteration":557,"passed_time":2.321916075,"remaining_time":1.839223844},
{"learn":[0.3476917614],"iteration":558,"passed_time":2.326005373,"remaining_time":1.835006028},
{"learn":[0.3475560331],"iteration":559,"passed_time":2.330092656,"remaining_time":1.830787087},
{"learn":[0.3474326229],"iteration":560,"passed_time":2.335229154,"remaining_time":1.827389659},
{"learn":[0.3471712379],"iteration":561,"passed_time":2.339546331,"remaining_time":1.823347496},
{"learn":[0.3469855462],"iteration":562,"passed_time":2.343599653,"remaining_time":1.819099553},
{"learn":[0.3469232574],"iteration":563,"passed_time":2.347471867,"remaining_time":1.814712294},
{"learn":[0.3468282578],"iteration":564,"passed_time":2.353048363,"remaining_time":1.811639005},
{"learn":[0.3467072108],"iteration":565,"passed_time":2.358028973,"remaining_time":1.808099955},
{"learn":[0.3465213042],"iteration":566,"passed_time":2.362788679,"remaining_time":1.804387122},
{"learn":[0.346375887],"iteration":567,"passed_time":2.368369207,"remaining_time":1.80129489},
{"learn":[0.3463146417],"iteration":568,"passed_time":2.373163279,"remaining_time":1.797598195},
{"learn":[0.346111794],"iteration":569,"passed_time":2.377660311,"remaining_time":1.793673568},
{"learn":[0.3460181771],"iteration":570,"passed_time":2.383039543,"remaining_time":1.790409744},
{"learn":[0.3459368191],"iteration":571,"passed_time":2.387998981,"remaining_time":1.786824413},
{"learn":[0.3457902732],"iteration":572,"passed_time":2.392494716,"remaining_time":1.782888733},
{"learn":[0.3455979565],"iteration":573,"passed_time":2.397180954,"remaining_time":1.779092485},
{"learn":[0.3455011767],"iteration":574,"passed_time":2.402801907,"remaining_time":1.775984018},
{"learn":[0.345407574],"iteration":575,"passed_time":2.407430802,"remaining_time":1.772136562},
{"learn":[0.3452588573],"iteration":576,"passed_time":2.411840439,"remaining_time":1.76812566},
{"learn":[0.3451850569],"iteration":577,"passed_time":2.417229251,"remaining_time":1.764828277},
{"learn":[0.3450564479],"iteration":578,"passed_time":2.421188999,"remaining_time":1.760484574},
{"learn":[0.3449985163],"iteration":579,"passed_time":2.425036029,"remaining_time":1.756060572},
{"learn":[0.3449892406],"iteration":580,"passed_time":2.427990108,"remaining_time":1.750994587},
{"learn":[0.3448867655],"iteration":581,"passed_time":2.431924565,"remaining_time":1.74663998},
{"learn":[0.3447777032],"iteration":582,"passed_time":2.435910928,"remaining_time":1.74232394},
{"learn":[0.3446257924],"iteration":583,"passed_time":2.439940074,"remaining_time":1.738039505},
{"learn":[0.3445023961],"iteration":584,"passed_time":2.443827486,"remaining_time":1.733655396},
{"learn":[0.344336034],"iteration":585,"passed_time":2.447920789,"remaining_time":1.729418441},
{"learn":[0.3443056344],"iteration":586,"passed_time":2.451449671,"remaining_time":1.724784862},
{"learn":[0.344180083],"iteration":587,"passed_time":2.45542919,"remaining_time":1.720470793},
{"learn":[0.3440580041],"iteration":588,"passed_time":2.459540307,"remaining_time":1.716249688},
{"learn":[0.3439103092],"iteration":589,"passed_time":2.463630727,"remaining_time":1.712014573},
{"learn":[0.3437217529],"iteration":590,"passed_time":2.467655287,"remaining_time":1.70773437},
{"learn":[0.3435684936],"iteration":591,"passed_time":2.471715059,"remaining_time":1.703479298},
{"learn":[0.3434563537],"iteration":592,"passed_time":2.475788162,"remaining_time":1.699234034},
{"learn":[0.3433325512],"iteration":593,"passed_time":2.480671411,"remaining_time":1.695543086},
{"learn":[0.343269218],"iteration":594,"passed_time":2.485487061,"remaining_time":1.691802117},
{"learn":[0.3431527653],"iteration":595,"passed_time":2.490572382,"remaining_time":1.68824034},
{"learn":[0.3431106537],"iteration":596,"passed_time":2.494468916,"remaining_time":1.683870977},
{"learn":[0.3428814273],"iteration":597,"passed_time":2.498495795,"remaining_time":1.679590819},
{"learn":[0.3427679448],"iteration":598,"passed_time":2.502514355,"remaining_time":1.675305937},
{"learn":[0.3427499011],"iteration":599,"passed_time":2.506156592,"remaining_time":1.670771061},
{"learn":[0.3425556311],"iteration":600,"passed_time":2.510180122,"remaining_time":1.666492294},
{"learn":[0.342348824],"iteration":601,"passed_time":2.514167396,"remaining_time":1.662190405},
{"learn":[0.342292028],"iteration":602,"passed_time":2.518048159,"remaining_time":1.657819435},
{"learn":[0.3422030931],"iteration":603,"passed_time":2.521907233,"remaining_time":1.653435868},
{"learn":[0.3420168479],"iteration":604,"passed_time":2.525956896,"remaining_time":1.649178469},
{"learn":[0.3419356131],"iteration":605,"passed_time":2.52995256,"remaining_time":1.644886648},
{"learn":[0.3418315922],"iteration":606,"passed_time":2.53393376,"remaining_time":1.640586438},
{"learn":[0.3417069196],"iteration":607,"passed_time":2.5379653,"remaining_time":1.636319733},
{"learn":[0.3416071914],"iteration":608,"passed_time":2.541978033,"remaining_time":1.632041726},
{"learn":[0.3416057282],"iteration":609,"passed_time":2.545649854,"remaining_time":1.627546628},
{"learn":[0.3415253227],"iteration":610,"passed_time":2.549650896,"remaining_time":1.623263827},
{"learn":[0.3413692952],"iteration":611,"passed_time":2.553566923,"remaining_time":1.618928049},
{"learn":[0.3412718882],"iteration":612,"passed_time":2.557813155,"remaining_time":1.614802106},
{"learn":[0.341205556],"iteration":613,"passed_time":2.561657664,"remaining_time":1.610423222},
{"learn":[0.3410856473],"iteration":614,"passed_time":2.565518294,"remaining_time":1.606056168},
{"learn":[0.3409631077],"iteration":615,"passed_time":2.569319867,"remaining_time":1.601653943},
{"learn":[0.3408574435],"iteration":616,"passed_time":2.573349981,"remaining_time":1.597395531},
{"learn":[0.340805119],"iteration":617,"passed_time":2.577156548,"remaining_time":1.592999679},
{"learn":[0.3406877906],"iteration":618,"passed_time":2.581053287,"remaining_time":1.588661232},
{"learn":[0.3405834912],"iteration":619,"passed_time":2.585355972,"remaining_time":1.584573015},
{"learn":[0.3404339034],"iteration":620,"passed_time":2.589282166,"remaining_time":1.580254333},
{"learn":[0.3403445086],"iteration":621,"passed_time":2.593276541,"remaining_time":1.575978348},
{"learn":[0.3402765962],"iteration":622,"passed_time":2.597282735,"remaining_time":1.571710419},
{"learn":[0.3401529793],"iteration":623,"passed_time":2.601491675,"remaining_time":1.567565496},
{"learn":[0.3399887097],"iteration":624,"passed_time":2.605562165,"remaining_time":1.563337299},
{"learn":[0.3399387199],"iteration":625,"passed_time":2.609294221,"remaining_time":1.55890741},
{"learn":[0.3397633576],"iteration":626,"passed_time":2.613475145,"remaining_time":1.554746777},
{"learn":[0.3396319039],"iteration":627,"passed_time":2.617277598,"remaining_time":1.550361889},
{"learn":[0.3395426292],"iteration":628,"passed_time":2.621249126,"remaining_time":1.546078578},
{"learn":[0.3394525714],"iteration":629,"passed_time":2.624999666,"remaining_time":1.54166647},
{"learn":[0.3393248352],"iteration":630,"passed_time":2.628905511,"remaining_time":1.53734728},
{"learn":[0.3392306816],"iteration":631,"passed_time":2.632809715,"remaining_time":1.533028441},
{"learn":[0.3391155367],"iteration":632,"passed_time":2.636970902,"remaining_time":1.528859907},
{"learn":[0.3390798493],"iteration":633,"passed_time":2.640780944,"remaining_time":1.524488684},
{"learn":[0.338891618],"iteration":634,"passed_time":2.644882669,"remaining_time":1.520286888},
{"learn":[0.3387493368],"iteration":635,"passed_time":2.648964531,"remaining_time":1.51607404},
{"learn":[0.338680824],"iteration":636,"passed_time":2.653278099,"remaining_time":1.511993642},
{"learn":[0.3384731879],"iteration":637,"passed_time":2.657126096,"remaining_time":1.507648349},
{"learn":[0.3383812843],"iteration":638,"passed_time":2.660819018,"remaining_time":1.503217004},
{"learn":[0.338257082],"iteration":639,"passed_time":2.664996541,"remaining_time":1.499060554},
{"learn":[0.3382346026],"iteration":640,"passed_time":2.668725176,"remaining_time":1.494652633},
{"learn":[0.3381140003],"iteration":641,"passed_time":2.67258134,"remaining_time":1.490317943},
{"learn":[0.3380169087],"iteration":642,"passed_time":2.676559614,"remaining_time":1.486052538},
{"learn":[0.3380157069],"iteration":643,"passed_time":2.680286178,"remaining_time":1.481648881},
{"learn":[0.3379178338],"iteration":644,"passed_time":2.684116668,"remaining_time":1.477304523},
{"learn":[0.3378284321],"iteration":645,"passed_time":2.688056374,"remaining_time":1.473021604},
{"learn":[0.3377198373],"iteration":646,"passed_time":2.691797108,"remaining_time":1.468631189},
{"learn":[0.3376608457],"iteration":647,"passed_time":2.696174896,"remaining_time":1.464588833},
{"learn":[0.3376183492],"iteration":648,"passed_time":2.701141392,"remaining_time":1.460863835},
{"learn":[0.337500329],"iteration":649,"passed_time":2.706691468,"remaining_time":1.457449252},
{"learn":[0.3374692477],"iteration":650,"passed_time":2.710408736,"remaining_time":1.453045544},
{"learn":[0.337324265],"iteration":651,"passed_time":2.714613487,"remaining_time":1.448904131},
{"learn":[0.3372397296],"iteration":652,"passed_time":2.719155301,"remaining_time":1.444941638},
{"learn":[0.3370866369],"iteration":653,"passed_time":2.723992619,"remaining_time":1.44113371},
{"learn":[0.3369714368],"iteration":654,"passed_time":2.727937949,"remaining_time":1.436852813},
{"learn":[0.3369154665],"iteration":655,"passed_time":2.731914047,"remaining_time":1.432589073},
{"learn":[0.3368192078],"iteration":656,"passed_time":2.736984515,"remaining_time":1.428897547},
{"learn":[0.3366741389],"iteration":657,"passed_time":2.74130568,"remaining_time":1.424812375},
{"learn":[0.3366352785],"iteration":658,"passed_time":2.745133302,"remaining_time":1.420471102},
{"learn":[0.336537885],"iteration":659,"passed_time":2.749224097,"remaining_time":1.416266959},
{"learn":[0.3364180366],"iteration":660,"passed_time":2.754572297,"remaining_time":1.412708031},
{"learn":[0.3363256338],"iteration":661,"passed_time":2.758868752,"remaining_time":1.408606704},
{"learn":[0.3361644348],"iteration":662,"passed_time":2.763083411,"remaining_time":1.404463212},
{"learn":[0.3360292386],"iteration":663,"passed_time":2.767828335,"remaining_time":1.400587832},
{"learn":[0.335863368],"iteration":664,"passed_time":2.772555656,"remaining_time":1.39670097},
{"learn":[0.3357849354],"iteration":665,"passed_time":2.776416515,"remaining_time":1.392377051},
{"learn":[0.3357470453],"iteration":666,"passed_time":2.780182591,"remaining_time":1.3880072},
{"learn":[0.3356241071],"iteration":667,"passed_time":2.785115422,"remaining_time":1.384219042},
{"learn":[0.3355360703],"iteration":668,"passed_time":2.791042681,"remaining_time":1.380919473},
{"learn":[0.3354808724],"iteration":669,"passed_time":2.794842334,"remaining_time":1.376564135},
{"learn":[0.335265355],"iteration":670,"passed_time":2.799283568,"remaining_time":1.372525028},
{"learn":[0.3352175138],"iteration":671,"passed_time":2.804536096,"remaining_time":1.368880714},
{"learn":[0.33512109],"iteration":672,"passed_time":2.808682146,"remaining_time":1.364694},
{"learn":[0.3349812142],"iteration":673,"passed_time":2.812635595,"remaining_time":1.360414249},
{"learn":[0.33487169],"iteration":674,"passed_time":2.818081025,"remaining_time":1.356853827},
{"learn":[0.3347449055],"iteration":675,"passed_time":2.821924777,"remaining_time":1.352520159},
{"learn":[0.3345084014],"iteration":676,"passed_time":2.825784225,"remaining_time":1.348195428},
{"learn":[0.334377809],"iteration":677,"passed_time":2.829833209,"remaining_time":1.343962084},
{"learn":[0.334349287],"iteration":678,"passed_time":2.834765061,"remaining_time":1.340146663},
{"learn":[0.3342305164],"iteration":679,"passed_time":2.838619541,"remaining_time":1.335820961},
{"learn":[0.3339720593],"iteration":680,"passed_time":2.842372404,"remaining_time":1.331449041},
{"learn":[0.3338892415],"iteration":681,"passed_time":2.846810826,"remaining_time":1.327398596},
{"learn":[0.3338175932],"iteration":682,"passed_time":2.851472346,"remaining_time":1.323450562},
{"learn":[0.3337292132],"iteration":683,"passed_time":2.855611298,"remaining_time":1.319259021},
{"learn":[0.3335852481],"iteration":684,"passed_time":2.85962903,"remaining_time":1.31501189},
{"learn":[0.33347908],"iteration":685,"passed_time":2.86441877,"remaining_time":1.311118796},
{"learn":[0.3333778056],"iteration":686,"passed_time":2.869162159,"remaining_time":1.307201973},
{"learn":[0.3332790194],"iteration":687,"passed_time":2.873101392,"remaining_time":1.302918073},
{"learn":[0.3331934297],"iteration":688,"passed_time":2.877287728,"remaining_time":1.29874671},
{"learn":[0.3331220399],"iteration":689,"passed_time":2.88244648,"remaining_time":1.295012186},
{"learn":[0.3329710846],"iteration":690,"passed_time":2.88662352,"remaining_time":1.290834541},
{"learn":[0.3329107412],"iteration":691,"passed_time":2.890469391,"remaining_time":1.286509498},
{"learn":[0.3327578454],"iteration":692,"passed_time":2.895175783,"remaining_time":1.28256705},
{"learn":[0.3326552737],"iteration":693,"passed_time":2.90059706,"remaining_time":1.278937609},
{"learn":[0.3325635946],"iteration":694,"passed_time":2.905107521,"remaining_time":1.274903301},
{"learn":[0.3324513665],"iteration":695,"passed_time":2.910230487,"remaining_time":1.271135155},
{"learn":[0.3323353212],"iteration":696,"passed_time":2.91578266,"remaining_time":1.267549707},
{"learn":[0.3323013305],"iteration":697,"passed_time":2.920332584,"remaining_time":1.263524986},
{"learn":[0.3322631236],"iteration":698,"passed_time":2.924677177,"remaining_time":1.259410344},
{"learn":[0.3321615371],"iteration":699,"passed_time":2.930360534,"remaining_time":1.2558688},
{"learn":[0.3320544029],"iteration":700,"passed_time":2.934949848,"remaining_time":1.2518545},
{"learn":[0.33190953],"iteration":701,"passed_time":2.939576368,"remaining_time":1.247854356},
{"learn":[0.3317801141],"iteration":702,"passed_time":2.945276905,"remaining_time":1.244306174},
{"learn":[0.3315691258],"iteration":703,"passed_time":2.950179339,"remaining_time":1.240416313},
{"learn":[0.3315009424],"iteration":704,"passed_time":2.954518546,"remaining_time":1.236287902},
{"learn":[0.3314423472],"iteration":705,"passed_time":2.958558887,"remaining_time":1.232034437},
{"learn":[0.3313930569],"iteration":706,"passed_time":2.96261709,"remaining_time":1.227788978},
{"learn":[0.3312566125],"iteration":707,"passed_time":2.966467359,"remaining_time":1.223458289},
{"learn":[0.331125003],"iteration":708,"passed_time":2.970482053,"remaining_time":1.219196442},
{"learn":[0.3309662744],"iteration":709,"passed_time":2.974472197,"remaining_time":1.214925264},
{"learn":[0.3309166482],"iteration":710,"passed_time":2.978211077,"remaining_time":1.210552744},
{"learn":[0.3308489905],"iteration":711,"passed_time":2.982145549,"remaining_time":1.206261121},
{"learn":[0.3306045504],"iteration":712,"passed_time":2.986277547,"remaining_time":1.202050008},
{"learn":[0.3304739834],"iteration":713,"passed_time":2.990576605,"remaining_time":1.197906035},
{"learn":[0.3304361088],"iteration":714,"passed_time":2.994393435,"remaining_time":1.193569411},
{"learn":[0.3303323838],"iteration":715,"passed_time":2.998513448,"remaining_time":1.189354496},
{"learn":[0.3302213167],"iteration":716,"passed_time":3.002420954,"remaining_time":1.185055969},
{"learn":[0.3301893774],"iteration":717,"passed_time":3.006213156,"remaining_time":1.180713245},
{"learn":[0.3300830733],"iteration":718,"passed_time":3.010353785,"remaining_time":1.176508225},
{"learn":[0.3300284144],"iteration":719,"passed_time":3.014299366,"remaining_time":1.172227531},
{"learn":[0.3299475401],"iteration":720,"passed_time":3.018349943,"remaining_time":1.167988397},
{"learn":[0.3298116253],"iteration":721,"passed_time":3.022374195,"remaining_time":1.163739648},
{"learn":[0.3296788228],"iteration":722,"passed_time":3.026476706,"remaining_time":1.159521504},
{"learn":[0.3294397793],"iteration":723,"passed_time":3.030959189,"remaining_time":1.15544853},
{"learn":[0.329358609],"iteration":724,"passed_time":3.034937423,"remaining_time":1.15118316},
{"learn":[0.3292519157],"iteration":725,"passed_time":3.039478731,"remaining_time":1.147131091},
{"learn":[0.3292005092],"iteration":726,"passed_time":3.043228901,"remaining_time":1.142780591},
{"learn":[0.3291445418],"iteration":727,"passed_time":3.047312317,"remaining_time":1.13855625},
{"learn":[0.3289791307],"iteration":728,"passed_time":3.051491845,"remaining_time":1.134368025},
{"learn":[0.3288825087],"iteration":729,"passed_time":3.055302206,"remaining_time":1.130043282},
{"learn":[0.3287699412],"iteration":730,"passed_time":3.059306442,"remaining_time":1.12579129},
{"learn":[0.3286729408],"iteration":731,"passed_time":3.0631452,"remaining_time":1.12147939},
{"learn":[0.3285400347],"iteration":732,"passed_time":3.067058041,"remaining_time":1.117195767},
{"learn":[0.3283774132],"iteration":733,"passed_time":3.071104631,"remaining_time":1.112961624},
{"learn":[0.3283531416],"iteration":734,"passed_time":3.074945362,"remaining_time":1.10865377},
{"learn":[0.3282594231],"iteration":735,"passed_time":3.078819353,"remaining_time":1.104359116},
{"learn":[0.3282057262],"iteration":736,"passed_time":3.082659012,"remaining_time":1.100053352},
{"learn":[0.3281787216],"iteration":737,"passed_time":3.086482331,"remaining_time":1.09574305},
{"learn":[0.3281344078],"iteration":738,"passed_time":3.090215175,"remaining_time":1.091402112},
{"learn":[0.327968579],"iteration":739,"passed_time":3.09451257,"remaining_time":1.087261173},
{"learn":[0.3278760415],"iteration":740,"passed_time":3.098469597,"remaining_time":1.083000844},
{"learn":[0.3277777548],"iteration":741,"passed_time":3.102469854,"remaining_time":1.078756364},
{"learn":[0.3276893216],"iteration":742,"passed_time":3.106350152,"remaining_time":1.074471049},
{"learn":[0.3275984691],"iteration":743,"passed_time":3.110154768,"remaining_time":1.070160781},
{"learn":[0.3274915596],"iteration":744,"passed_time":3.114694302,"remaining_time":1.066103419},
{"learn":[0.3273563862],"iteration":745,"passed_time":3.118795387,"remaining_time":1.06189548},
{"learn":[0.3272183949],"iteration":746,"passed_time":3.123344116,"remaining_time":1.05783944},
{"learn":[0.3271312915],"iteration":747,"passed_time":3.128093181,"remaining_time":1.053849574},
{"learn":[0.3268788963],"iteration":748,"passed_time":3.132640301,"remaining_time":1.049790007},
{"learn":[0.3267575251],"iteration":749,"passed_time":3.137049028,"remaining_time":1.045683009},
{"learn":[0.3266644059],"iteration":750,"passed_time":3.14130838,"remaining_time":1.041525681},
{"learn":[0.3265462412],"iteration":751,"passed_time":3.145700568,"remaining_time":1.037411889},
{"learn":[0.3265049054],"iteration":752,"passed_time":3.150243091,"remaining_time":1.033346671},
{"learn":[0.3263377173],"iteration":753,"passed_time":3.154442136,"remaining_time":1.029168124},
{"learn":[0.3263181999],"iteration":754,"passed_time":3.158291987,"remaining_time":1.024876208},
{"learn":[0.3262467175],"iteration":755,"passed_time":3.16225661,"remaining_time":1.020622504},
{"learn":[0.3261136668],"iteration":756,"passed_time":3.166482931,"remaining_time":1.01645357},
{"learn":[0.3260417323],"iteration":757,"passed_time":3.170684402,"remaining_time":1.012276551},
{"learn":[0.3259400627],"iteration":758,"passed_time":3.174678683,"remaining_time":1.008033679},
{"learn":[0.3259295415],"iteration":759,"passed_time":3.17831881,"remaining_time":1.003679624},
{"learn":[0.3258304468],"iteration":760,"passed_time":3.182232545,"remaining_time":0.9994133749},
{"learn":[0.3257415557],"iteration":761,"passed_time":3.186258533,"remaining_time":0.9951831112},
{"learn":[0.3256782101],"iteration":762,"passed_time":3.189870432,"remaining_time":0.9908247608},
{"learn":[0.3255210414],"iteration":763,"passed_time":3.193726644,"remaining_time":0.9865438325},
{"learn":[0.3253877089],"iteration":764,"passed_time":3.197716437,"remaining_time":0.9823050494},
{"learn":[0.3253213748],"iteration":765,"passed_time":3.201395437,"remaining_time":0.9779719742},
{"learn":[0.3251933303],"iteration":766,"passed_time":3.205344995,"remaining_time":0.9737227952},
{"learn":[0.3250421702],"iteration":767,"passed_time":3.209345287,"remaining_time":0.9694897221},
{"learn":[0.3249265522],"iteration":768,"passed_time":3.212940549,"remaining_time":0.9651355875},
{"learn":[0.3248482245],"iteration":769,"passed_time":3.216457646,"remaining_time":0.9607600759},
{"learn":[0.3247421416],"iteration":770,"passed_time":3.220175872,"remaining_time":0.95644653},
{"learn":[0.3246317327],"iteration":771,"passed_time":3.224001884,"remaining_time":0.9521663596},
{"learn":[0.3244803352],"iteration":772,"passed_time":3.228079459,"remaining_time":0.9479612384},
{"learn":[0.3244536628],"iteration":773,"passed_time":3.231813749,"remaining_time":0.943656211},
{"learn":[0.324396686],"iteration":774,"passed_time":3.235434193,"remaining_time":0.9393196043},
{"learn":[0.3243209675],"iteration":775,"passed_time":3.239249948,"remaining_time":0.9350412221},
{"learn":[0.3241921386],"iteration":776,"passed_time":3.242918675,"remaining_time":0.9307218333},
{"learn":[0.3239929627],"iteration":777,"passed_time":3.247021715,"remaining_time":0.9265280471},
{"learn":[0.3238814965],"iteration":778,"passed_time":3.250772549,"remaining_time":0.9222345741},
{"learn":[0.3238790109],"iteration":779,"passed_time":3.252989237,"remaining_time":0.9175097847},
{"learn":[0.3238052121],"iteration":780,"passed_time":3.25678056,"remaining_time":0.913232961},
{"learn":[0.3236216917],"iteration":781,"passed_time":3.260584835,"remaining_time":0.9089609899},
{"learn":[0.3235864824],"iteration":782,"passed_time":3.26438163,"remaining_time":0.90468814},
{"learn":[0.3235386832],"iteration":783,"passed_time":3.268328093,"remaining_time":0.9004577398},
{"learn":[0.3234154207],"iteration":784,"passed_time":3.272242224,"remaining_time":0.8962192078},
{"learn":[0.3233117716],"iteration":785,"passed_time":3.275903047,"remaining_time":0.8919125345},
{"learn":[0.3232515276],"iteration":786,"passed_time":3.279798957,"remaining_time":0.8876711282},
{"learn":[0.3231798174],"iteration":787,"passed_time":3.283714273,"remaining_time":0.8834358197},
{"learn":[0.3230623496],"iteration":788,"passed_time":3.287452046,"remaining_time":0.8791538424},
{"learn":[0.3230348623],"iteration":789,"passed_time":3.291021937,"remaining_time":0.8748286161},
{"learn":[0.3229630722],"iteration":790,"passed_time":3.294991856,"remaining_time":0.8706109961},
{"learn":[0.3229012773],"iteration":791,"passed_time":3.298889528,"remaining_time":0.8663750276},
{"learn":[0.3227467928],"iteration":792,"passed_time":3.303512408,"remaining_time":0.8623292162},
{"learn":[0.3226723921],"iteration":793,"passed_time":3.307846656,"remaining_time":0.8582070669},
{"learn":[0.3225424663],"iteration":794,"passed_time":3.312078451,"remaining_time":0.8540579653},
{"learn":[0.3224500494],"iteration":795,"passed_time":3.315761791,"remaining_time":0.8497680972},
{"learn":[0.3223054231],"iteration":796,"passed_time":3.319578019,"remaining_time":0.8455135984},
{"learn":[0.3220986497],"iteration":797,"passed_time":3.32345637,"remaining_time":0.8412759232},
{"learn":[0.3220225718],"iteration":798,"passed_time":3.327173069,"remaining_time":0.8369984818},
{"learn":[0.3219595342],"iteration":799,"passed_time":3.330914916,"remaining_time":0.8327287291},
{"learn":[0.321941447],"iteration":800,"passed_time":3.334391744,"remaining_time":0.8283944533},
{"learn":[0.3218179846],"iteration":801,"passed_time":3.338085544,"remaining_time":0.8241158824},
{"learn":[0.3217031196],"iteration":802,"passed_time":3.341985539,"remaining_time":0.8198893539},
{"learn":[0.3216264538],"iteration":803,"passed_time":3.345844885,"remaining_time":0.8156537283},
{"learn":[0.3215346852],"iteration":804,"passed_time":3.349783116,"remaining_time":0.811438146},
{"learn":[0.3214258239],"iteration":805,"passed_time":3.353465344,"remaining_time":0.8071616336},
{"learn":[0.321341172],"iteration":806,"passed_time":3.357326336,"remaining_time":0.8029293467},
{"learn":[0.3212461333],"iteration":807,"passed_time":3.360964228,"remaining_time":0.7986449651},
{"learn":[0.3211521534],"iteration":808,"passed_time":3.364816603,"remaining_time":0.7944128198},
{"learn":[0.3209774348],"iteration":809,"passed_time":3.368673595,"remaining_time":0.7901826952},
{"learn":[0.32089539],"iteration":810,"passed_time":3.372464649,"remaining_time":0.7859381242},
{"learn":[0.3208289699],"iteration":811,"passed_time":3.376263857,"remaining_time":0.7816965581},
{"learn":[0.3207963461],"iteration":812,"passed_time":3.379890362,"remaining_time":0.7774163563},
{"learn":[0.32073806],"iteration":813,"passed_time":3.383620598,"remaining_time":0.7731614634},
{"learn":[0.3206826667],"iteration":814,"passed_time":3.387416499,"remaining_time":0.7689227636},
{"learn":[0.3205983799],"iteration":815,"passed_time":3.391047482,"remaining_time":0.7646479617},
{"learn":[0.3205531307],"iteration":816,"passed_time":3.394641522,"remaining_time":0.7603664608},
{"learn":[0.3204380398],"iteration":817,"passed_time":3.398372389,"remaining_time":0.7561170842},
{"learn":[0.3203848572],"iteration":818,"passed_time":3.402218915,"remaining_time":0.7518945344},
{"learn":[0.3201541973],"iteration":819,"passed_time":3.406065766,"remaining_time":0.747672973},
{"learn":[0.3200898651],"iteration":820,"passed_time":3.409795148,"remaining_time":0.7434267131},
{"learn":[0.3200192061],"iteration":821,"passed_time":3.413538176,"remaining_time":0.7391846658},
{"learn":[0.3199975735],"iteration":822,"passed_time":3.417367067,"remaining_time":0.7349622975},
{"learn":[0.3198266867],"iteration":823,"passed_time":3.421184001,"remaining_time":0.7307383304},
{"learn":[0.3197276924],"iteration":824,"passed_time":3.424900192,"remaining_time":0.7264939801},
{"learn":[0.3196534261],"iteration":825,"passed_time":3.428701917,"remaining_time":0.7222689269},
{"learn":[0.3195872824],"iteration":826,"passed_time":3.432715833,"remaining_time":0.7180892856},
{"learn":[0.3195053544],"iteration":827,"passed_time":3.436938375,"remaining_time":0.7139533822},
{"learn":[0.3193900785],"iteration":828,"passed_time":3.441262021,"remaining_time":0.7098381249},
{"learn":[0.3193184229],"iteration":829,"passed_time":3.445442793,"remaining_time":0.7056931021},
{"learn":[0.3192536743],"iteration":830,"passed_time":3.450067382,"remaining_time":0.7016382522},
{"learn":[0.3190900823],"iteration":831,"passed_time":3.454416646,"remaining_time":0.6975264382},
{"learn":[0.3190368042],"iteration":832,"passed_time":3.458507105,"remaining_time":0.6933621687},
{"learn":[0.3189692671],"iteration":833,"passed_time":3.462879601,"remaining_time":0.6892542132},
{"learn":[0.3188839926],"iteration":834,"passed_time":3.467564761,"remaining_time":0.6852074078},
{"learn":[0.3187559134],"iteration":835,"passed_time":3.471981073,"remaining_time":0.6811063349},
{"learn":[0.3185957282],"iteration":836,"passed_time":3.476524958,"remaining_time":0.6770293526},
{"learn":[0.3185135497],"iteration":837,"passed_time":3.480974468,"remaining_time":0.6729330118},
{"learn":[0.3184534911],"iteration":838,"passed_time":3.48526427,"remaining_time":0.6688051818},
{"learn":[0.3184355852],"iteration":839,"passed_time":3.49051098,"remaining_time":0.6648592344},
{"learn":[0.3183234317],"iteration":840,"passed_time":3.494728413,"remaining_time":0.6607155976},
{"learn":[0.3182041872],"iteration":841,"passed_time":3.498605762,"remaining_time":0.6565079696},
{"learn":[0.3181421995],"iteration":842,"passed_time":3.503086902,"remaining_time":0.6524135748},
{"learn":[0.3180744034],"iteration":843,"passed_time":3.507798629,"remaining_time":0.6483608841},
{"learn":[0.3179296515],"iteration":844,"passed_time":3.51166415,"remaining_time":0.6441514122},
{"learn":[0.3178763471],"iteration":845,"passed_time":3.515545982,"remaining_time":0.6399457226},
{"learn":[0.3177708592],"iteration":846,"passed_time":3.5204967,"remaining_time":0.6359338785},
{"learn":[0.3176354318],"iteration":847,"passed_time":3.524669432,"remaining_time":0.6317803698},
{"learn":[0.3175491453],"iteration":848,"passed_time":3.528793088,"remaining_time":0.6276180875},
{"learn":[0.3174291015],"iteration":849,"passed_time":3.532683651,"remaining_time":0.6234147619},
{"learn":[0.3173376948],"iteration":850,"passed_time":3.537505262,"remaining_time":0.6193751869},
{"learn":[0.3172823494],"iteration":851,"passed_time":3.541439899,"remaining_time":0.6151797008},
{"learn":[0.3172198004],"iteration":852,"passed_time":3.545406441,"remaining_time":0.6109903246},
{"learn":[0.3171332537],"iteration":853,"passed_time":3.549380484,"remaining_time":0.6068027525},
{"learn":[0.3170846573],"iteration":854,"passed_time":3.554547586,"remaining_time":0.6028180117},
{"learn":[0.3170369896],"iteration":855,"passed_time":3.558335294,"remaining_time":0.5985984608},
{"learn":[0.316904374],"iteration":856,"passed_time":3.562297334,"remaining_time":0.5944090067},
{"learn":[0.3168444697],"iteration":857,"passed_time":3.566985812,"remaining_time":0.5903403092},
{"learn":[0.3167849106],"iteration":858,"passed_time":3.57181573,"remaining_time":0.5862933853},
{"learn":[0.3166914676],"iteration":859,"passed_time":3.57579803,"remaining_time":0.5821066561},
{"learn":[0.3164931968],"iteration":860,"passed_time":3.579819883,"remaining_time":0.5779267871},
{"learn":[0.3163449049],"iteration":861,"passed_time":3.585252077,"remaining_time":0.5739730703},
{"learn":[0.3163000048],"iteration":862,"passed_time":3.589105868,"remaining_time":0.569765358},
{"learn":[0.3162609692],"iteration":863,"passed_time":3.592967714,"remaining_time":0.5655597327},
{"learn":[0.3161220408],"iteration":864,"passed_time":3.597052401,"remaining_time":0.5613896811},
{"learn":[0.3160557211],"iteration":865,"passed_time":3.602147007,"remaining_time":0.5573760957},
{"learn":[0.3159595004],"iteration":866,"passed_time":3.60625558,"remaining_time":0.5532087568},
{"learn":[0.3159050508],"iteration":867,"passed_time":3.609999838,"remaining_time":0.5489861504},
{"learn":[0.3158473359],"iteration":868,"passed_time":3.614675895,"remaining_time":0.544905112},
{"learn":[0.3157555391],"iteration":869,"passed_time":3.619834041,"remaining_time":0.5408947418},
{"learn":[0.3155551346],"iteration":870,"passed_time":3.623830969,"remaining_time":0.5367097532},
{"learn":[0.3154523814],"iteration":871,"passed_time":3.627949149,"remaining_time":0.5325429944},
{"learn":[0.3153549638],"iteration":872,"passed_time":3.633221056,"remaining_time":0.5285441857},
{"learn":[0.3152493327],"iteration":873,"passed_time":3.637391727,"remaining_time":0.5243837043},
{"learn":[0.3151293709],"iteration":874,"passed_time":3.641228682,"remaining_time":0.5201755261},
{"learn":[0.3150326309],"iteration":875,"passed_time":3.645057014,"remaining_time":0.5159669746},
{"learn":[0.3149951439],"iteration":876,"passed_time":3.649930405,"remaining_time":0.5119058607},
{"learn":[0.3149335854],"iteration":877,"passed_time":3.654276318,"remaining_time":0.5077696022},
{"learn":[0.3149067141],"iteration":878,"passed_time":3.657995568,"remaining_time":0.5035466026},
{"learn":[0.314807621],"iteration":879,"passed_time":3.662301844,"remaining_time":0.4994047969},
{"learn":[0.3146839979],"iteration":880,"passed_time":3.667157734,"remaining_time":0.4953368563},
{"learn":[0.3145973335],"iteration":881,"passed_time":3.671186918,"remaining_time":0.4911565264},
{"learn":[0.3145620932],"iteration":882,"passed_time":3.675043714,"remaining_time":0.4869536971},
{"learn":[0.3144254205],"iteration":883,"passed_time":3.679636651,"remaining_time":0.4828482484},
{"learn":[0.3143520443],"iteration":884,"passed_time":3.683946187,"remaining_time":0.4787048717},
{"learn":[0.3141505002],"iteration":885,"passed_time":3.688154955,"remaining_time":0.4745481545},
{"learn":[0.3140591327],"iteration":886,"passed_time":3.692199725,"remaining_time":0.4703704272},
{"learn":[0.3138811631],"iteration":887,"passed_time":3.697241825,"remaining_time":0.4663187887},
{"learn":[0.3137113685],"iteration":888,"passed_time":3.702937261,"remaining_time":0.4623464972},
{"learn":[0.3135521877],"iteration":889,"passed_time":3.706923726,"remaining_time":0.4581591122},
{"learn":[0.3134044933],"iteration":890,"passed_time":3.712054731,"remaining_time":0.454112195},
{"learn":[0.3132620907],"iteration":891,"passed_time":3.716689619,"remaining_time":0.4500027789},
{"learn":[0.3131940713],"iteration":892,"passed_time":3.720698575,"remaining_time":0.4458171864},
{"learn":[0.3129676623],"iteration":893,"passed_time":3.724670754,"remaining_time":0.4416276286},
{"learn":[0.3128151285],"iteration":894,"passed_time":3.728485243,"remaining_time":0.4374200565},
{"learn":[0.3127817231],"iteration":895,"passed_time":3.732426277,"remaining_time":0.43322805},
{"learn":[0.3127004511],"iteration":896,"passed_time":3.73648641,"remaining_time":0.4290502789},
{"learn":[0.3126272877],"iteration":897,"passed_time":3.740329486,"remaining_time":0.4248481153},
{"learn":[0.3125495224],"iteration":898,"passed_time":3.744783403,"remaining_time":0.4207153767},
{"learn":[0.3124148843],"iteration":899,"passed_time":3.748678213,"remaining_time":0.4165198015},
{"learn":[0.3122786134],"iteration":900,"passed_time":3.752716937,"remaining_time":0.4123407067},
{"learn":[0.3122094193],"iteration":901,"passed_time":3.756818718,"remaining_time":0.4081687743},
{"learn":[0.3120567621],"iteration":902,"passed_time":3.76079454,"remaining_time":0.4039834667},
{"learn":[0.3119274526],"iteration":903,"passed_time":3.764775028,"remaining_time":0.3997991181},
{"learn":[0.3118113864],"iteration":904,"passed_time":3.768801025,"remaining_time":0.3956199971},
{"learn":[0.3117641142],"iteration":905,"passed_time":3.772810134,"remaining_time":0.3914394621},
{"learn":[0.3116817564],"iteration":906,"passed_time":3.776802839,"remaining_time":0.387257623},
{"learn":[0.3116110945],"iteration":907,"passed_time":3.78036391,"remaining_time":0.3830324667},
{"learn":[0.3115265199],"iteration":908,"passed_time":3.784333866,"remaining_time":0.378849705},
{"learn":[0.3114511522],"iteration":909,"passed_time":3.788277168,"remaining_time":0.3746647749},
{"learn":[0.3113703252],"iteration":910,"passed_time":3.792349259,"remaining_time":0.3704929573},
{"learn":[0.3112642935],"iteration":911,"passed_time":3.79636868,"remaining_time":0.3663162762},
{"learn":[0.3112279961],"iteration":912,"passed_time":3.800180688,"remaining_time":0.3621201751},
{"learn":[0.311157293],"iteration":913,"passed_time":3.803975192,"remaining_time":0.3579232675},
{"learn":[0.3110269154],"iteration":914,"passed_time":3.807858627,"remaining_time":0.3537355009},
{"learn":[0.3109229265],"iteration":915,"passed_time":3.811993192,"remaining_time":0.3495714281},
{"learn":[0.3107712073],"iteration":916,"passed_time":3.815832871,"remaining_time":0.3453807288},
{"learn":[0.3107182378],"iteration":917,"passed_time":3.819710376,"remaining_time":0.341194173},
{"learn":[0.3106145735],"iteration":918,"passed_time":3.823602005,"remaining_time":0.3370095347},
{"learn":[0.3105176413],"iteration":919,"passed_time":3.827748053,"remaining_time":0.3328476568},
{"learn":[0.3104551706],"iteration":920,"passed_time":3.831586477,"remaining_time":0.3286594264},
{"learn":[0.310292179],"iteration":921,"passed_time":3.835274443,"remaining_time":0.3244592262},
{"learn":[0.3102143352],"iteration":922,"passed_time":3.839444624,"remaining_time":0.3203003641},
{"learn":[0.3101716231],"iteration":923,"passed_time":3.843321087,"remaining_time":0.3161173188},
{"learn":[0.3100481521],"iteration":924,"passed_time":3.847362953,"remaining_time":0.3119483475},
{"learn":[0.3099869883],"iteration":925,"passed_time":3.851166107,"remaining_time":0.3077605744},
{"learn":[0.3098679236],"iteration":926,"passed_time":3.855155721,"remaining_time":0.3035883146},
{"learn":[0.3098504243],"iteration":927,"passed_time":3.858936354,"remaining_time":0.2994002344},
{"learn":[0.3097598852],"iteration":928,"passed_time":3.862691471,"remaining_time":0.2952110812},
{"learn":[0.3097111233],"iteration":929,"passed_time":3.866607271,"remaining_time":0.2910349559},
{"learn":[0.3096458386],"iteration":930,"passed_time":3.870534734,"remaining_time":0.2868602542},
{"learn":[0.3095702118],"iteration":931,"passed_time":3.874592227,"remaining_time":0.2826955702},
{"learn":[0.3095062758],"iteration":932,"passed_time":3.878626812,"remaining_time":0.2785294709},
{"learn":[0.3094403685],"iteration":933,"passed_time":3.882643585,"remaining_time":0.2743623947},
{"learn":[0.3093687979],"iteration":934,"passed_time":3.886669004,"remaining_time":0.2701962409},
{"learn":[0.3093199686],"iteration":935,"passed_time":3.8905987,"remaining_time":0.2660238427},
{"learn":[0.3092823508],"iteration":936,"passed_time":3.894327307,"remaining_time":0.2618384422},
{"learn":[0.3091386028],"iteration":937,"passed_time":3.898194361,"remaining_time":0.2576631667},
{"learn":[0.3091365013],"iteration":938,"passed_time":3.90046527,"remaining_time":0.2533848578},
{"learn":[0.3090533378],"iteration":939,"passed_time":3.904607849,"remaining_time":0.2492302882},
{"learn":[0.3089630611],"iteration":940,"passed_time":3.908912135,"remaining_time":0.2450858831},
{"learn":[0.3088600217],"iteration":941,"passed_time":3.91332844,"remaining_time":0.2409480356},
{"learn":[0.3088389238],"iteration":942,"passed_time":3.917759906,"remaining_time":0.2368105139},
{"learn":[0.3087217816],"iteration":943,"passed_time":3.922086633,"remaining_time":0.2326661562},
{"learn":[0.3086180705],"iteration":944,"passed_time":3.926208635,"remaining_time":0.2285094973},
{"learn":[0.3084779282],"iteration":945,"passed_time":3.930271344,"remaining_time":0.224349527},
{"learn":[0.3083843726],"iteration":946,"passed_time":3.934167511,"remaining_time":0.2201804415},
{"learn":[0.3082829035],"iteration":947,"passed_time":3.937998966,"remaining_time":0.2160083821},
{"learn":[0.3082471824],"iteration":948,"passed_time":3.942154589,"remaining_time":0.2118544616},
{"learn":[0.308097474],"iteration":949,"passed_time":3.946073069,"remaining_time":0.2076880563},
{"learn":[0.3079897453],"iteration":950,"passed_time":3.950384462,"remaining_time":0.2035424171},
{"learn":[0.3078369336],"iteration":951,"passed_time":3.954416661,"remaining_time":0.1993823527},
{"learn":[0.3076615932],"iteration":952,"passed_time":3.958655816,"remaining_time":0.1952327632},
{"learn":[0.307576366],"iteration":953,"passed_time":3.962645164,"remaining_time":0.1910709408},
{"learn":[0.3074889847],"iteration":954,"passed_time":3.966536239,"remaining_time":0.186904849},
{"learn":[0.3074320918],"iteration":955,"passed_time":3.970310147,"remaining_time":0.1827339398},
{"learn":[0.3073666064],"iteration":956,"passed_time":3.974571157,"remaining_time":0.1785857469},
{"learn":[0.3073104424],"iteration":957,"passed_time":3.979102111,"remaining_time":0.1744491531},
{"learn":[0.3072318794],"iteration":958,"passed_time":3.983331695,"remaining_time":0.1702988524},
{"learn":[0.3070957792],"iteration":959,"passed_time":3.987689692,"remaining_time":0.1661537372},
{"learn":[0.3069273146],"iteration":960,"passed_time":3.992329094,"remaining_time":0.162019599},
{"learn":[0.3068602731],"iteration":961,"passed_time":3.996959712,"remaining_time":0.1578840634},
{"learn":[0.3067880586],"iteration":962,"passed_time":4.001371815,"remaining_time":0.153739104},
{"learn":[0.3067322483],"iteration":963,"passed_time":4.005666883,"remaining_time":0.1495892197},
{"learn":[0.3065948193],"iteration":964,"passed_time":4.010061585,"remaining_time":0.1454426482},
{"learn":[0.306432213],"iteration":965,"passed_time":4.014439171,"remaining_time":0.1412949605},
{"learn":[0.3063744826],"iteration":966,"passed_time":4.01876838,"remaining_time":0.1371451464},
{"learn":[0.3062536664],"iteration":967,"passed_time":4.022922226,"remaining_time":0.1329891645},
{"learn":[0.3062529944],"iteration":968,"passed_time":4.02690414,"remaining_time":0.1288276866},
{"learn":[0.3061836781],"iteration":969,"passed_time":4.030833171,"remaining_time":0.1246649434},
{"learn":[0.3061464184],"iteration":970,"passed_time":4.034445199,"remaining_time":0.120493214},
{"learn":[0.3060982103],"iteration":971,"passed_time":4.038290405,"remaining_time":0.1163293532},
{"learn":[0.3060001793],"iteration":972,"passed_time":4.041858649,"remaining_time":0.112158462},
{"learn":[0.305939438],"iteration":973,"passed_time":4.045604432,"remaining_time":0.1079935475},
{"learn":[0.3058591108],"iteration":974,"passed_time":4.049418492,"remaining_time":0.1038312434},
{"learn":[0.3058219282],"iteration":975,"passed_time":4.053094332,"remaining_time":0.09966625406},
{"learn":[0.305654408],"iteration":976,"passed_time":4.057575784,"remaining_time":0.09552123135},
{"learn":[0.3055573674],"iteration":977,"passed_time":4.061990628,"remaining_time":0.09137402231},
{"learn":[0.3054885994],"iteration":978,"passed_time":4.066120746,"remaining_time":0.08722015901},
{"learn":[0.305439907],"iteration":979,"passed_time":4.069932835,"remaining_time":0.08305985378},
{"learn":[0.3053441731],"iteration":980,"passed_time":4.073537478,"remaining_time":0.07889624066},
{"learn":[0.3052327886],"iteration":981,"passed_time":4.077481083,"remaining_time":0.07473997912},
{"learn":[0.3051662522],"iteration":982,"passed_time":4.081959282,"remaining_time":0.07059339552},
{"learn":[0.3050735095],"iteration":983,"passed_time":4.086453006,"remaining_time":0.06644639035},
{"learn":[0.3050474899],"iteration":984,"passed_time":4.09056709,"remaining_time":0.06229289985},
{"learn":[0.3049733028],"iteration":985,"passed_time":4.094924175,"remaining_time":0.05814293961},
{"learn":[0.3049095738],"iteration":986,"passed_time":4.099256236,"remaining_time":0.05399223006},
{"learn":[0.3048903732],"iteration":987,"passed_time":4.103076761,"remaining_time":0.04983494042},
{"learn":[0.3047269391],"iteration":988,"passed_time":4.107131829,"remaining_time":0.04568094046},
{"learn":[0.304658935],"iteration":989,"passed_time":4.110807616,"remaining_time":0.04152330925},
{"learn":[0.3045759254],"iteration":990,"passed_time":4.114527004,"remaining_time":0.03736704645},
{"learn":[0.3044894572],"iteration":991,"passed_time":4.118228456,"remaining_time":0.0332115198},
{"learn":[0.3044217045],"iteration":992,"passed_time":4.122171281,"remaining_time":0.02905860923},
{"learn":[0.304278514],"iteration":993,"passed_time":4.125953466,"remaining_time":0.02490515171},
{"learn":[0.304154257],"iteration":994,"passed_time":4.129749834,"remaining_time":0.02075251173},
{"learn":[0.3040907184],"iteration":995,"passed_time":4.133467232,"remaining_time":0.01660027001},
{"learn":[0.3039714174],"iteration":996,"passed_time":4.137226285,"remaining_time":0.01244902593},
{"learn":[0.303881376],"iteration":997,"passed_time":4.141009802,"remaining_time":0.008298616837},
{"learn":[0.3038406432],"iteration":998,"passed_time":4.145021598,"remaining_time":0.004149170769},
{"learn":[0.3037543681],"iteration":999,"passed_time":4.14885746,"remaining_time":0}
]}